0,1,2,3,4,5,6,7,8,9,10,11,12,13,target,pred1_probs,pred1_classes,pred2_probs,pred2_classes,pred3_probs,pred3_classes
1,22.08,11.46,2,4,4,1.585,0,0,0,1,2,100,1213,0,0.5067721701216917,1,0.6108532272325375,1,0.3754937826798727,0
0,22.67,7.0,2,8,4,0.165,0,0,0,0,2,160,1,0,0.35851902105104283,0,0.18594104308390022,0,0.20097469160124865,0
0,29.58,1.75,1,4,4,1.25,0,0,0,1,2,280,1,0,0.3587526536369226,0,0.5230088812491047,1,0.16046510455968105,0
0,21.67,11.5,1,5,3,0.0,1,1,11,1,2,0,1,1,0.40872893336310795,0,0.18594104308390022,0,0.3577709999205234,0
1,20.17,8.17,2,6,4,1.96,1,1,14,0,2,60,159,1,0.4809044523830159,0,0.5266457680250785,1,0.26016877398367144,0
0,15.83,0.585,2,8,8,1.5,1,1,2,0,2,100,1,1,0.3438108200369286,0,0.31935897435897437,0,0.15254159154591956,0
1,17.42,6.5,2,3,4,0.125,0,0,0,0,2,60,101,0,0.3443626029065909,0,0.07911706349206349,0,0.19242249981357512,0
0,58.67,4.46,2,11,8,3.04,1,1,6,0,2,43,561,1,0.5380608419599118,1,0.6067241728659507,1,0.6853762812290989,1
1,27.83,1.0,1,2,8,3.0,0,0,0,0,2,176,538,0,0.4517629352001088,0,0.6067241728659507,1,0.22548328405046544,0
0,55.75,7.08,2,4,8,6.75,1,1,3,1,2,100,51,0,0.7718311272470952,1,0.8046589654293723,1,0.9696126905931968,1
1,33.5,1.75,2,14,8,4.5,1,1,4,1,2,253,858,1,0.5622450283433602,1,0.6067241728659507,1,0.4344079156741215,0
1,41.42,5.0,2,11,8,5.0,1,1,6,1,2,470,1,1,0.6450428648068837,1,0.8046589654293723,1,0.6527881272471485,1
1,20.67,1.25,1,8,8,1.375,1,1,3,1,2,140,211,0,0.35025855697497915,0,0.31935897435897437,0,0.14730463510274613,0
1,34.92,5.0,2,14,8,7.5,1,1,6,1,2,0,1001,1,0.7674896939312172,1,0.8046589654293723,1,0.9366774461541608,1
1,48.08,6.04,2,4,4,0.04,0,0,0,0,2,0,2691,1,0.3647147056627466,0,0.4330572808833678,0,0.37675067329194,0
1,29.58,4.5,2,9,4,7.5,1,1,2,1,2,330,1,1,0.7579894110054793,1,0.6067241728659507,1,0.923229328486115,1
0,18.92,9.0,2,6,4,0.75,1,1,2,0,2,88,592,1,0.4164783064597307,0,0.5051560758082497,1,0.2530719284386442,0
1,20.0,1.25,1,4,4,0.125,0,0,0,0,2,140,5,0,0.2821527398153769,0,0.17578231292517008,0,0.14029600646969073,0
0,22.42,5.665,2,11,4,2.585,1,1,7,0,2,129,3258,1,0.4865682181331222,0,0.6945685188493836,1,0.234897950889748,0
0,28.17,0.585,2,6,4,0.04,0,0,0,0,2,260,1005,0,0.2775087906918715,0,0.2615218272739559,0,0.14937877140527925,0
0,19.17,0.585,1,6,4,0.585,1,0,0,1,2,160,1,0,0.2972287412941384,0,0.17578231292517008,0,0.1385832092468949,0
1,41.17,1.335,2,2,4,0.165,0,0,0,0,2,168,1,0,0.3047948056182526,0,0.5086380650734235,1,0.2214772703943957,0
1,41.58,1.75,2,4,4,0.21,1,0,0,0,2,160,1,0,0.3126731613884303,0,0.5086380650734235,1,0.2267278882869508,0
1,19.5,9.585,2,6,4,0.79,0,0,0,0,2,80,351,0,0.4277431276541932,0,0.5051560758082497,1,0.2730307014068166,0
1,32.75,1.5,2,13,8,5.5,1,1,3,1,2,0,1,1,0.6184370143173316,1,0.6067241728659507,1,0.6096184725303956,1
1,22.5,0.125,1,4,4,0.125,0,0,0,0,2,200,71,0,0.2714553902138228,0,0.17578231292517008,0,0.13988821549010722,0
1,33.17,3.04,1,8,8,2.04,1,1,1,1,2,180,18028,1,0.42727912481827096,0,0.4388014220416455,0,0.2060734153225904,0
0,30.67,12.0,2,8,4,2.0,1,1,1,0,2,220,20,1,0.5498989784778494,1,0.636736214605067,1,0.4583712443450919,0
1,23.08,2.5,2,8,4,1.085,1,1,11,1,2,60,2185,1,0.3525157148881221,0,0.5230088812491047,1,0.1486156440644204,0
1,27.0,0.75,2,8,8,4.25,1,1,3,1,2,312,151,1,0.5253078837542275,1,0.6067241728659507,1,0.3527954071955876,0
0,20.42,10.5,1,14,8,0.0,0,0,0,1,2,154,33,0,0.3936007581179541,0,0.18594104308390022,0,0.31079653889212033,0
1,52.33,1.375,1,8,8,9.46,1,0,0,1,2,200,101,0,0.8255386650945755,1,0.6067241728659507,1,0.9977814350328972,1
1,23.08,11.5,2,9,8,2.125,1,1,11,1,2,290,285,1,0.5421558080490431,1,0.636736214605067,1,0.4079811972287958,0
1,42.83,1.25,2,7,4,13.875,0,1,1,1,2,352,113,0,0.9315056096356223,1,0.6067241728659507,1,0.9999986519756474,1
1,74.83,19.0,1,1,1,0.04,0,1,2,0,2,0,352,0,0.5764624162335262,1,0.06349206349206349,0,0.9957863813352226,1
1,25.0,12.5,2,6,4,3.0,1,0,0,1,1,20,1,1,0.6115977211315452,1,0.8046589654293723,1,0.5433895505682749,1
1,39.58,13.915,2,9,4,8.625,1,1,6,1,2,70,1,1,0.8816742276808548,1,0.8046589654293723,1,0.9972509257838263,1
0,47.75,8.0,2,8,4,7.875,1,1,6,1,2,0,1261,1,0.8201656008352005,1,0.8046589654293723,1,0.9852050916042844,1
0,47.42,3.0,2,14,4,13.875,1,1,2,1,2,519,1705,1,0.9388296155199056,1,0.6067241728659507,1,0.9999990568043796,1
1,23.17,0.0,2,13,4,0.085,1,0,0,0,2,0,1,1,0.26865553355188976,0,0.2615218272739559,0,0.14073824402498822,0
1,22.58,1.5,1,6,4,0.54,0,0,0,1,2,120,68,0,0.3091558312656894,0,0.17578231292517008,0,0.14040342316703078,0
1,26.75,1.125,2,14,8,1.25,1,0,0,0,2,0,5299,1,0.3476750480768235,0,0.5230088812491047,1,0.15124531194877486,0
1,63.33,0.54,2,8,4,0.585,1,1,3,1,2,180,1,0,0.3393240307538304,0,0.5086380650734235,1,0.6377160439393045,1
1,23.75,0.415,1,8,4,0.04,0,1,2,0,2,128,7,0,0.2716414657378328,0,0.2615218272739559,0,0.14152138745464946,0
0,20.75,10.25,2,11,4,0.71,1,1,2,1,2,49,1,1,0.4335590961801814,0,0.5051560758082497,1,0.2975433151433021,0
0,24.5,1.75,1,8,4,0.165,0,0,0,0,2,132,1,0,0.2942075290472556,0,0.2615218272739559,0,0.1438929238343778,0
1,16.17,0.04,2,8,4,0.04,0,0,0,0,2,0,1,1,0.26083758464692003,0,0.06895833333333334,0,0.1430223796712521,0
0,29.5,2.0,1,10,8,2.0,0,0,0,0,2,256,18,0,0.4063596917522194,0,0.4388014220416455,0,0.18132839831053726,0
0,52.83,15.0,2,8,4,5.5,1,1,14,0,2,0,2201,1,0.7937076452262183,1,0.8046589654293723,1,0.97625530134539,1
1,32.33,3.5,2,4,4,0.5,0,0,0,1,2,232,1,0,0.3416806845613858,0,0.2615218272739559,0,0.17501475247713744,0
1,21.08,4.125,1,3,8,0.04,0,0,0,0,2,140,101,0,0.3131949348110845,0,0.2682823129251701,0,0.15788532046559958,0
1,28.17,0.125,1,4,4,0.085,0,0,0,0,2,216,2101,0,0.2744829617374961,0,0.2615218272739559,0,0.1489645504104029,0
1,19.0,1.75,1,8,4,2.335,0,0,0,1,2,112,7,0,0.41185088000029796,0,0.4030742659758204,0,0.17889873418046487,0
1,27.58,3.25,1,11,8,5.085,0,1,2,1,2,369,2,0,0.6121726147464728,1,0.6067241728659507,1,0.5146922871777014,1
1,27.83,1.5,2,9,4,2.0,1,1,11,1,2,434,36,1,0.39767031961017457,0,0.4388014220416455,0,0.17409796423330726,0
1,40.0,6.5,2,6,5,3.5,1,1,1,0,2,0,501,1,0.5748337199442739,1,0.8046589654293723,1,0.4474826740521981,0
0,37.33,2.5,2,3,8,0.21,0,0,0,0,2,260,247,0,0.3178790687561485,0,0.2615218272739559,0,0.1961261553216024,0
1,42.5,4.915,1,9,4,3.165,1,0,0,1,2,52,1443,1,0.5344173519298147,1,0.8046589654293723,1,0.4013668305537115,0
1,56.75,12.25,2,7,4,1.25,1,1,4,1,2,200,1,1,0.5357120566297457,1,0.5051560758082497,1,0.7909060026876152,1
1,43.17,5.0,2,3,5,2.25,0,0,0,1,2,141,1,0,0.4791860575038092,0,0.8046589654293723,1,0.33453854354761825,0
0,23.75,0.71,2,9,4,0.25,0,1,1,1,2,240,5,0,0.285609457826975,0,0.2615218272739559,0,0.14033851691667454,0
1,18.5,2.0,2,3,4,1.5,1,1,2,0,2,120,301,1,0.365116370446233,0,0.41185897435897434,0,0.15296597925483899,0
0,40.83,3.5,2,3,5,0.5,0,0,0,0,1,1160,1,0,0.3502519077229817,0,0.2615218272739559,0,0.23257952803052856,0
0,24.5,0.5,2,11,8,1.5,1,0,0,0,2,280,825,1,0.3514667216260382,0,0.5230088812491047,1,0.15138733636838989,0
1,42.0,9.79,2,14,8,7.96,1,1,8,0,2,0,1,1,0.8342266496256754,1,0.8046589654293723,1,0.9857594103461188,1
0,19.5,0.165,2,11,4,0.04,0,0,0,1,2,380,1,0,0.2651047147576545,0,0.17578231292517008,0,0.14008764459607634,0
1,21.5,11.5,2,3,4,0.5,1,0,0,1,2,100,69,0,0.4391007921443763,0,0.3615794143744454,0,0.3535507861451082,0
1,31.25,2.835,2,1,1,0.0,0,1,5,0,2,176,147,0,0.3049213925105744,0,0.2615218272739559,0,0.16777805607028098,0
1,27.25,1.585,2,13,8,1.835,1,1,12,1,2,583,714,1,0.3883645150798134,0,0.5230088812491047,1,0.16735334713240607,0
1,48.75,26.335,1,1,1,0.0,1,0,0,1,2,0,1,0,0.6463687694657011,1,0.06349206349206349,0,0.99719262502765,1
0,30.42,1.375,2,9,8,0.04,0,1,3,0,2,0,34,0,0.2887479607314897,0,0.2615218272739559,0,0.15738764761771526,0
1,29.42,1.25,2,9,4,1.75,0,0,0,0,2,200,1,0,0.3810647061442233,0,0.5230088812491047,1,0.16997121636002868,0
1,28.25,5.04,1,8,5,1.5,1,1,8,1,2,144,8,1,0.4169632418725608,0,0.7209436738125263,1,0.19023291849279086,0
1,40.25,21.5,2,10,9,20.0,1,1,11,0,2,0,1201,1,0.995005325676067,1,0.9549180327868853,1,1.0,1
1,36.5,4.25,2,11,4,3.5,0,0,0,0,2,454,51,0,0.5391282199473815,1,0.6067241728659507,1,0.3552086508844419,0
1,25.58,0.335,2,4,8,3.5,0,0,0,1,2,340,1,0,0.470886367672995,0,0.6067241728659507,1,0.2597136603900645,0
1,29.83,3.5,2,8,4,0.165,0,0,0,0,2,216,1,0,0.320643208759992,0,0.2615218272739559,0,0.16632306765873173,0
1,23.08,0.0,2,4,4,1.0,0,1,11,0,1,0,1,0,0.31587401686426164,0,0.5230088812491047,1,0.14198785561885455,0
0,32.17,1.46,2,9,4,1.085,1,1,16,0,2,120,2080,1,0.34814724376404343,0,0.5230088812491047,1,0.16646815662892248,0
1,25.17,3.5,2,13,4,0.625,1,1,7,0,2,0,7060,1,0.34154179364088144,0,0.3794322198153004,0,0.15415833786641644,0
0,35.17,3.75,2,1,1,0.0,0,1,6,0,2,0,201,0,0.31995636717616593,0,0.2615218272739559,0,0.19494525853648406,0
0,18.58,10.0,2,2,4,0.415,0,0,0,0,2,80,43,0,0.4096973633183021,0,0.07911706349206349,0,0.2876873166466599,0
1,39.92,5.0,2,3,5,0.21,0,0,0,0,2,550,1,0,0.3524077262339725,0,0.18594104308390022,0,0.2460224009271232,0
1,23.42,1.0,2,8,4,0.5,0,0,0,1,1,280,1,0,0.3017364122861557,0,0.2615218272739559,0,0.13991973228215318,0
1,37.58,0.0,2,8,4,0.0,0,0,0,0,3,184,1,1,0.2771760087462667,0,0.2615218272739559,0,0.19270668426667292,0
0,24.75,13.665,2,11,8,1.5,0,0,0,0,2,280,2,0,0.5360116265012128,1,0.7209436738125263,1,0.5066294151670375,1
0,47.0,13.0,2,3,5,5.165,1,1,9,1,2,0,1,1,0.7545002407839929,1,0.8046589654293723,1,0.9216265792572396,1
1,34.17,5.25,2,9,4,0.085,0,0,0,1,2,290,7,1,0.34275567296088466,0,0.18594104308390022,0,0.2078271005962041,0
1,22.17,0.585,1,1,1,0.0,0,0,0,0,2,100,1,0,0.270200443916068,0,0.17578231292517008,0,0.14073760848621902,0
1,27.75,1.29,2,4,8,0.25,0,0,0,1,1,140,1,0,0.2961537693999409,0,0.2615218272739559,0,0.1480095358288138,0
1,42.75,4.085,2,6,4,0.04,0,0,0,0,2,108,101,0,0.3338226949130686,0,0.5086380650734235,1,0.2626584621076758,0
1,28.67,14.5,2,2,4,0.125,0,0,0,0,2,0,287,0,0.4664233387261702,0,0.18594104308390022,0,0.5593097815132223,1
1,36.25,5.0,2,8,5,2.5,1,1,6,0,2,0,368,1,0.4871128778067473,0,0.8046589654293723,1,0.2774953464920453,0
0,18.17,10.0,1,11,8,0.165,0,0,0,0,2,340,1,0,0.3942152357032943,0,0.07911706349206349,0,0.28967262215633754,0
1,21.25,1.5,2,9,4,1.5,0,0,0,0,2,150,9,1,0.3613120464832989,0,0.31935897435897437,0,0.15054505759065426,0
0,38.92,1.665,2,6,4,0.25,0,0,0,0,2,0,391,0,0.3112305986164605,0,0.2615218272739559,0,0.20295526767859806,0
1,31.83,0.04,1,7,4,0.04,0,0,0,0,2,0,1,0,0.2745161124630024,0,0.2615218272739559,0,0.16127424279293198,0
0,17.33,9.5,2,6,4,1.75,0,1,10,1,2,0,11,0,0.4836823984015418,0,0.6108532272325375,1,0.29797024356157864,0
0,20.42,0.835,2,11,4,1.585,1,1,1,0,2,0,1,1,0.3565726693305978,0,0.31935897435897437,0,0.1509642644951002,0
0,39.08,4.0,2,8,4,3.0,0,0,0,0,2,480,1,0,0.5072024549268135,1,0.6067241728659507,1,0.32613249841621383,0
1,38.67,0.21,2,4,4,0.085,1,0,0,1,2,280,1,1,0.2848924846840889,0,0.2615218272739559,0,0.1995331621055121,0
1,27.67,13.75,2,9,4,5.75,1,0,0,1,2,487,501,1,0.7731379716656663,1,0.8046589654293723,1,0.9075958343924274,1
1,27.75,0.585,1,13,4,0.25,1,1,2,0,2,260,501,1,0.2877874998032917,0,0.2615218272739559,0,0.14694349606930593,0
1,19.0,0.0,1,1,1,0.0,0,1,4,0,2,45,2,0,0.2608959132111835,0,0.17578231292517008,0,0.14074184270467707,0
0,25.0,0.875,2,14,8,1.04,1,0,0,1,2,160,5861,1,0.3309268142805277,0,0.5230088812491047,1,0.14482467555069728,0
1,27.67,2.0,2,14,8,1.0,1,1,4,0,2,140,7545,1,0.3458059894710761,0,0.5230088812491047,1,0.15260183355880233,0
1,22.25,9.0,2,6,4,0.085,0,0,0,0,2,0,1,0,0.38015749074291216,0,0.18594104308390022,0,0.25421253072731825,0
0,49.83,13.585,2,4,8,8.5,1,0,0,1,2,0,1,1,0.8811980733710486,1,0.8046589654293723,1,0.9981475273981756,1
1,32.33,2.5,2,8,4,1.25,0,0,0,1,2,280,1,0,0.3715740282090425,0,0.5230088812491047,1,0.17460537793785896,0
1,38.25,10.125,1,4,4,0.125,0,0,0,0,2,160,1,0,0.4150867660108984,0,0.18594104308390022,0,0.38506266729561867,0
1,47.33,6.5,2,8,4,1.0,0,0,0,1,2,0,229,0,0.4276192341763271,0,0.5051560758082497,1,0.37870675717052427,0
1,27.83,4.0,1,3,8,5.75,1,1,2,1,2,75,1,0,0.660852929466745,1,0.6067241728659507,1,0.6570165987912779,1
0,35.75,0.915,2,6,4,0.75,1,1,4,0,2,0,1584,1,0.3259877678539569,0,0.5230088812491047,1,0.17961712076957875,0
1,33.58,0.25,2,3,5,4.0,0,0,0,1,1,420,1,0,0.5098374061100088,1,0.6067241728659507,1,0.3566168557868694,0
1,34.08,0.08,1,7,5,0.04,1,1,1,1,2,280,2001,1,0.27697728200212346,0,0.2615218272739559,0,0.17137539854500838,0
0,20.75,10.335,2,13,8,0.335,1,1,1,1,2,80,51,1,0.4118456502275719,0,0.18594104308390022,0,0.30035193267207544,0
1,33.17,1.0,2,14,4,0.75,1,1,7,1,2,340,4072,1,0.32453525284728624,0,0.5230088812491047,1,0.16633306972390413,0
1,22.75,11.0,2,11,4,2.5,1,1,7,1,2,100,810,1,0.5579201865349941,1,0.8046589654293723,1,0.4088578550946828,0
1,48.75,8.5,2,8,8,12.5,1,1,9,0,2,181,1656,1,0.9375223986547702,1,0.8046589654293723,1,0.9999916814131866,1
1,40.58,5.0,2,8,4,5.0,1,1,7,0,2,0,3066,1,0.6441852628231703,1,0.8046589654293723,1,0.6425277097077069,1
1,20.67,0.835,1,8,4,2.0,0,0,0,1,1,240,1,0,0.3810090265997346,0,0.23515151515151517,0,0.16283255123105128,0
0,38.75,1.5,2,1,1,0.0,0,0,0,0,2,76,1,0,0.2958401109695918,0,0.2615218272739559,0,0.2032584386450454,0
0,57.08,19.5,2,8,4,5.5,1,1,7,0,2,0,3001,1,0.8354421508827315,1,0.8046589654293723,1,0.9962983564185114,1
0,31.25,3.75,2,13,8,0.625,1,1,9,1,2,181,1,1,0.3509234381120504,0,0.3794322198153004,0,0.17304840922042475,0
1,22.0,0.79,2,9,4,0.29,0,1,1,0,2,420,284,0,0.28700035671292323,0,0.17578231292517008,0,0.13897915761837534,0
0,58.33,10.0,2,11,4,4.0,1,1,14,0,2,0,1603,1,0.6702657824886536,1,0.8046589654293723,1,0.8781524591968085,1
1,28.92,0.375,2,8,4,0.29,0,0,0,0,2,220,141,0,0.2884380751604203,0,0.2615218272739559,0,0.14971130136944116,0
0,46.0,4.0,2,5,3,0.0,1,0,0,0,2,100,961,1,0.3337317279471582,0,0.5086380650734235,1,0.30305605398457164,0
1,21.0,3.0,1,2,4,1.085,1,1,8,1,2,160,2,1,0.3569641881847632,0,0.41185897435897434,0,0.15060969010562375,0
0,24.75,12.5,2,6,4,1.5,1,1,12,1,2,120,568,1,0.5193442569625307,1,0.7209436738125263,1,0.43402430046401946,0
0,20.83,0.5,1,10,2,1.0,0,0,0,0,2,260,1,0,0.3199238249059119,0,0.31935897435897437,0,0.14088906743187882,0
1,24.58,13.5,1,1,1,0.0,0,0,0,0,2,184,1,0,0.43993226492782667,0,0.18594104308390022,0,0.4782519881771795,0
0,26.5,2.71,1,8,4,0.085,0,0,0,0,1,80,1,0,0.3034257530048425,0,0.2615218272739559,0,0.1522633980389849,0
1,40.92,0.835,2,1,1,0.0,1,0,0,0,2,130,2,0,0.2899366079448217,0,0.2615218272739559,0,0.21968384031100974,0
0,38.33,4.415,2,8,4,0.125,0,0,0,0,2,160,1,0,0.33840260023908586,0,0.2615218272739559,0,0.22384202233041134,0
1,19.58,0.585,2,1,1,0.0,0,1,3,0,2,350,770,0,0.2679303657990353,0,0.17578231292517008,0,0.14046636548529326,0
1,39.25,9.5,2,7,4,6.5,1,1,14,0,2,240,4608,1,0.7723255832288459,1,0.8046589654293723,1,0.9187913398182904,1
1,25.75,0.5,2,8,4,1.46,1,1,5,1,2,312,1,1,0.3504547466544093,0,0.5230088812491047,1,0.1524667610674138,0
0,46.08,3.0,2,8,4,2.375,1,1,8,1,2,396,4160,1,0.4616107506050011,0,0.6067241728659507,1,0.35181497968244424,0
1,19.67,10.0,1,4,8,0.835,1,0,0,1,2,140,1,0,0.4365396047926059,0,0.5051560758082497,1,0.2890463767711631,0
0,22.25,1.25,1,1,1,3.25,0,0,0,0,2,280,1,0,0.4646883178748698,0,0.4030742659758204,0,0.2337625558818115,0
1,18.83,3.54,1,1,1,0.0,0,0,0,1,2,180,2,0,0.3017771651434979,0,0.2682823129251701,0,0.1534302377743924,0
1,64.08,20.0,2,14,8,17.5,1,1,9,1,2,0,1001,1,0.9908845391212558,1,0.9549180327868853,1,0.9999999999994102,1
0,16.5,1.25,2,11,4,0.25,0,1,1,0,2,108,99,0,0.28534222836780604,0,0.06895833333333334,0,0.14214462899561806,0
0,68.67,15.0,2,10,9,0.0,1,1,14,0,2,0,3377,1,0.5102906358065725,1,0.4330572808833678,0,0.9655242811579297,1
1,76.75,22.29,2,10,9,12.75,1,1,1,1,2,0,110,1,0.9755760226815684,1,0.8046589654293723,1,0.9999999961253536,1
0,15.92,2.875,2,11,4,0.085,0,0,0,0,2,120,1,0,0.2955214996352135,0,0.16145833333333334,0,0.15091977347510033,0
1,34.83,4.0,2,2,5,12.5,1,0,0,1,2,184,1,0,0.9159121842967832,1,0.6067241728659507,1,0.9999695480132256,1
0,47.42,8.0,2,10,5,6.5,1,1,6,0,2,375,51101,1,0.7634680144757676,1,0.8046589654293723,1,0.9349320622982792,1
1,23.17,0.0,2,8,4,0.0,0,0,0,0,3,184,1,1,0.2644953713195621,0,0.2615218272739559,0,0.14145755925984246,0
1,45.17,1.5,2,8,4,2.5,1,0,0,1,2,140,1,0,0.4470157055504817,0,0.6067241728659507,1,0.3346345280776541,0
1,15.17,7.0,2,10,4,1.0,0,0,0,0,2,600,1,0,0.39982547087439785,0,0.5051560758082497,1,0.20867437712167525,0
1,18.83,0.415,1,8,4,0.165,0,1,1,0,2,200,2,0,0.2734983744391351,0,0.17578231292517008,0,0.13945539973601734,0
1,52.5,6.5,2,4,4,6.29,1,1,15,0,2,0,11203,1,0.7418764800338009,1,0.8046589654293723,1,0.9339241973138128,1
1,19.17,0.0,1,7,5,0.0,0,0,0,1,1,500,2,1,0.26104203234748385,0,0.17578231292517008,0,0.1406633802771964,0
1,18.0,0.165,2,11,7,0.21,0,0,0,0,2,200,41,1,0.27215209433812143,0,0.06895833333333334,0,0.13978231273858271,0
1,37.5,0.835,2,10,4,0.04,0,0,0,0,2,120,6,0,0.28886143278750603,0,0.2615218272739559,0,0.1919322274226759,0
1,22.67,1.585,1,9,4,3.085,1,1,6,0,2,80,1,1,0.4596668121781708,0,0.4030742659758204,0,0.22258418185006554,0
1,47.83,4.165,2,14,5,0.085,0,0,0,1,2,520,1,0,0.3424380055091785,0,0.5086380650734235,1,0.3317550247583505,0
1,34.08,2.5,2,8,4,1.0,0,0,0,0,2,460,17,0,0.35887394197989153,0,0.5230088812491047,1,0.17914671961289205,0
0,33.08,1.625,2,2,4,0.54,0,0,0,1,2,0,1,0,0.3207999117453577,0,0.2615218272739559,0,0.1667684796392827,0
1,43.08,0.375,1,8,4,0.375,1,1,8,1,2,300,163,1,0.3060614275428701,0,0.5086380650734235,1,0.2375686033534001,0
1,34.5,4.04,1,3,5,8.5,1,1,7,1,2,195,1,1,0.8001995917505419,1,0.6067241728659507,1,0.9787633585041386,1
1,42.75,3.0,2,3,5,1.0,1,0,0,0,2,0,201,0,0.3745111893844471,0,0.5230088812491047,1,0.25107940627127656,0
1,18.25,0.165,2,2,4,0.25,0,0,0,1,1,280,1,0,0.2743618844988324,0,0.06895833333333334,0,0.13940405103864492,0
1,23.08,2.5,2,1,1,0.085,0,0,0,1,2,100,4209,0,0.2976873572197142,0,0.2615218272739559,0,0.14624455908943165,0
0,22.5,8.46,1,14,4,2.46,0,0,0,0,2,164,1,1,0.5189361324595707,1,0.6945685188493836,1,0.2989126041959288,0
1,17.92,0.205,2,6,4,0.04,0,0,0,0,2,280,751,0,0.26418127692549703,0,0.06895833333333334,0,0.14099013250766965,0
1,18.42,10.415,1,6,4,0.125,1,0,0,0,2,120,376,0,0.3977850834497001,0,0.07911706349206349,0,0.30666536416276496,0
0,27.67,1.5,2,7,4,2.0,1,0,0,0,1,368,1,0,0.3974995335759042,0,0.4388014220416455,0,0.173664557846071,0
0,18.92,9.25,1,8,4,1.0,1,1,4,1,2,80,501,1,0.4352871880162146,0,0.5051560758082497,1,0.2645391521354137,0
1,22.67,0.75,2,3,4,1.585,0,1,1,1,2,400,10,0,0.35775457168398345,0,0.31935897435897437,0,0.15162101774243444,0
1,62.5,12.75,1,8,8,5.0,1,0,0,0,2,112,1,0,0.7569775849867181,1,0.8046589654293723,1,0.9750596168006236,1
0,23.5,9.0,2,11,4,8.5,1,1,5,1,2,120,1,1,0.8352448647426581,1,0.8046589654293723,1,0.9850909199232166,1
1,35.25,3.165,2,14,8,3.75,1,0,0,1,2,680,1,0,0.5378172971007633,1,0.6067241728659507,1,0.3567510782117012,0
0,56.83,4.25,1,1,1,5.0,0,0,0,1,2,0,5,0,0.6508869498345974,1,0.6067241728659507,1,0.8481942411664626,1
0,53.33,0.165,2,1,1,0.0,0,0,0,1,1,62,28,0,0.2934164068338105,0,0.5086380650734235,1,0.3997295057956768,0
1,41.17,4.04,2,13,8,7.0,1,1,8,0,2,320,1,1,0.7391903596320857,1,0.6067241728659507,1,0.9126922050764806,1
1,42.17,5.04,2,11,8,12.75,1,0,0,1,2,92,1,1,0.9271058271451408,1,0.8046589654293723,1,0.9999879537515564,1
1,41.17,1.25,1,9,4,0.25,0,0,0,0,2,0,196,0,0.30828071202688434,0,0.5086380650734235,1,0.22057205277796474,0
0,33.75,0.75,2,4,5,1.0,1,1,3,1,2,212,1,0,0.3357726597663633,0,0.5230088812491047,1,0.1710266233505276,0
1,25.67,12.5,2,13,4,1.21,1,1,67,1,2,140,259,1,0.5022296003573774,1,0.5051560758082497,1,0.4264879515119896,0
1,24.33,6.625,1,2,4,5.5,1,0,0,1,1,100,1,1,0.6769110505051469,1,0.8046589654293723,1,0.6560615407574472,1
1,23.33,11.625,1,9,4,0.835,1,0,0,1,2,160,301,1,0.4636596523159337,0,0.5051560758082497,1,0.36445632707914655,0
1,30.67,2.5,2,13,8,2.25,0,0,0,1,1,340,1,0,0.4298329889617665,0,0.6067241728659507,1,0.19915312209874572,0
1,37.17,4.0,2,8,5,5.0,1,0,0,1,1,280,1,0,0.6273747295182821,1,0.6067241728659507,1,0.5843759344770427,1
1,26.25,1.54,2,9,4,0.125,0,0,0,0,2,100,1,0,0.29125308419077395,0,0.2615218272739559,0,0.14622471673062454,0
0,29.75,0.665,2,9,4,0.25,0,0,0,1,2,300,1,0,0.2905636682169783,0,0.2615218272739559,0,0.15247000734251193,0
0,23.0,1.835,2,5,3,0.0,0,1,1,0,2,200,54,0,0.28533571872277685,0,0.2615218272739559,0,0.14393083247308994,0
1,17.25,3.0,2,4,4,0.04,0,0,0,1,2,160,41,0,0.2959043478316624,0,0.16145833333333334,0,0.15036087076411495,0
1,29.25,14.79,2,6,4,5.04,1,1,5,1,2,168,1,1,0.7530830337989126,1,0.8046589654293723,1,0.8839657447820521,1
0,28.58,3.54,2,3,5,0.5,1,0,0,1,2,171,1,0,0.33844545439593515,0,0.2615218272739559,0,0.16175275262015718,0
1,34.58,0.0,2,8,4,0.0,0,0,0,0,3,184,1,0,0.27450535405514875,0,0.2615218272739559,0,0.17443957041448524,0
1,23.42,0.585,2,8,8,0.085,1,0,0,0,2,180,1,0,0.2755274648667748,0,0.2615218272739559,0,0.14091041844839672,0
1,25.0,11.25,2,8,4,2.5,1,1,17,0,2,200,1209,1,0.563924498073898,1,0.8046589654293723,1,0.4265271108068804,0
0,18.75,7.5,2,11,4,2.71,1,1,5,0,2,184,26727,1,0.5166289430478467,1,0.6945685188493836,1,0.2867583886355259,0
1,17.08,0.25,2,11,4,0.335,0,1,4,0,2,160,9,0,0.2785512105880656,0,0.06895833333333334,0,0.1401442219981041,0
0,16.08,0.335,2,1,1,0.0,0,1,1,0,2,160,127,0,0.2620967889536379,0,0.06895833333333334,0,0.14341288681841746,0
1,32.92,2.5,2,6,4,1.75,0,1,2,1,2,720,1,0,0.4018715696825896,0,0.5230088812491047,1,0.18993203485136054,0
0,20.33,10.0,2,8,8,1.0,1,1,4,0,2,50,1466,1,0.4474519593475555,0,0.5051560758082497,1,0.29134159628647804,0
0,21.75,1.75,1,5,3,0.0,0,0,0,0,2,160,1,0,0.2832094509432743,0,0.17578231292517008,0,0.14289403086822125,0
1,33.17,1.04,2,12,8,6.5,1,0,0,1,2,164,31286,1,0.6701180257247362,1,0.6067241728659507,1,0.7949427970013188,1
0,25.33,2.085,2,8,8,2.75,1,0,0,1,2,360,2,0,0.4489317809849375,0,0.6067241728659507,1,0.2065494049578601,0
0,24.75,3.0,2,11,8,1.835,1,1,19,0,2,0,501,1,0.4051381845369272,0,0.5230088812491047,1,0.17001622414099316,0
1,30.83,0.0,2,9,4,1.25,1,1,1,0,2,202,1,1,0.3372270881548253,0,0.5230088812491047,1,0.1621838602452648,0
1,20.75,5.085,1,5,4,0.29,0,0,0,0,2,140,185,0,0.3387208988690534,0,0.18594104308390022,0,0.1671300144922268,0
0,40.33,8.125,1,4,4,0.165,0,1,2,0,2,184,19,0,0.3920962150639844,0,0.18594104308390022,0,0.3287275243545058,0
1,29.42,1.25,2,8,8,0.25,0,1,2,1,2,400,109,0,0.2972276104372524,0,0.2615218272739559,0,0.1523999946123404,0
1,40.92,0.5,1,7,4,0.5,0,0,0,1,2,130,1,0,0.3122210723287007,0,0.2615218272739559,0,0.2162399295486717,0
0,29.5,0.46,2,4,4,0.54,1,1,4,0,2,380,501,1,0.3030251354917189,0,0.2615218272739559,0,0.15112658495173076,0
1,54.42,0.5,1,4,8,3.96,1,0,0,0,2,180,315,1,0.5340894176920374,1,0.6067241728659507,1,0.6606924202500227,1
1,34.0,5.5,1,8,4,1.5,0,0,0,1,2,60,1,0,0.4296648427264261,0,0.7209436738125263,1,0.22363615603061995,0
1,25.0,12.0,2,4,4,2.25,1,1,2,1,2,120,6,0,0.5591165334964174,1,0.8046589654293723,1,0.4483291598544981,0
0,26.58,2.54,1,1,1,0.0,0,0,0,1,2,180,61,0,0.2969803542474978,0,0.2615218272739559,0,0.1522002188381686,0
0,33.08,4.625,2,11,8,1.625,1,1,2,0,2,0,1,1,0.4240281000689486,0,0.5230088812491047,1,0.20833600414536385,0
1,33.67,2.165,2,8,4,1.5,0,0,0,0,3,120,1,0,0.3831625707437257,0,0.5230088812491047,1,0.1845440242243303,0
1,36.17,5.5,2,3,5,5.0,0,0,0,0,2,210,688,0,0.6462569968919216,1,0.8046589654293723,1,0.6056230113733783,1
1,19.5,0.29,2,4,4,0.29,0,0,0,0,2,280,365,0,0.2789163575932103,0,0.17578231292517008,0,0.1385658731059604,0
1,24.17,0.875,2,11,4,4.625,1,1,2,1,2,520,2001,1,0.5472975915524352,1,0.6067241728659507,1,0.40139772534114654,0
0,30.5,6.5,2,8,5,4.0,1,1,7,1,2,0,3066,1,0.59494118156166,1,0.8046589654293723,1,0.4235334916163507,0
1,20.0,7.0,2,8,4,0.5,0,0,0,0,2,0,1,0,0.3752322969739729,0,0.3615794143744454,0,0.1988891922688636,0
1,25.33,0.58,2,8,4,0.29,1,1,7,1,2,96,5125,1,0.2875705582286075,0,0.2615218272739559,0,0.14208488457904545,0
1,29.58,4.75,2,7,4,2.0,0,1,1,1,2,460,69,0,0.4450218192973908,0,0.4388014220416455,0,0.2073897783749228,0
1,43.17,2.25,2,3,5,0.75,1,0,0,0,2,560,1,0,0.3505368870823322,0,0.5230088812491047,1,0.2462562759711631,0
1,28.75,1.165,2,4,4,0.5,1,0,0,0,1,280,1,0,0.3087826639286588,0,0.2615218272739559,0,0.14979426474851015,0
1,31.57,3.0,1,3,5,7.0,0,0,0,0,2,0,2,0,0.7189534667731254,1,0.6067241728659507,1,0.8680825546941001,1
1,20.25,9.96,2,10,2,0.0,1,0,0,0,2,0,1,1,0.3860469154642181,0,0.18594104308390022,0,0.2887673303122013,0
1,45.0,8.5,2,13,8,14.0,1,1,1,1,2,88,2001,1,0.9555203163730368,1,0.9549180327868853,1,0.9999995310739462,1
0,22.83,2.29,2,11,8,2.29,1,1,7,1,2,140,2385,1,0.4207939767820801,0,0.6067241728659507,1,0.18009763043255747,0
0,20.67,3.0,2,11,4,0.165,1,1,3,0,2,100,7,1,0.3056905701375761,0,0.2682823129251701,0,0.14761256153395358,0
1,27.83,1.5,2,9,4,2.25,0,1,1,1,2,100,4,0,0.412752620006624,0,0.6067241728659507,1,0.1840420961385366,0
1,40.92,2.25,1,14,8,10.0,1,0,0,1,2,176,1,0,0.8440789543556377,1,0.6067241728659507,1,0.9979194873917504,1
1,56.42,28.0,1,8,4,28.5,1,1,40,0,2,0,16,1,0.9996171352358072,1,0.9549180327868853,1,1.0,1
0,64.08,0.165,2,1,1,0.0,1,1,1,0,2,232,101,1,0.3034463588067232,0,0.5086380650734235,1,0.6608115276391011,1
0,22.42,11.25,1,14,8,0.75,1,1,4,0,2,0,322,1,0.4520279332774007,0,0.5051560758082497,1,0.34344590128469143,0
0,24.33,2.5,1,3,5,4.5,0,0,0,0,2,200,457,0,0.5627837075705183,1,0.6067241728659507,1,0.3921581035161494,0
0,69.5,6.0,2,1,1,0.0,0,0,0,0,1,0,1,0,0.3841885246899812,0,0.4330572808833678,0,0.8373835698925316,1
1,35.58,0.75,2,4,4,1.5,0,0,0,1,2,231,1,0,0.366127373686668,0,0.5230088812491047,1,0.19047095970027852,0
1,48.33,12.0,2,7,4,16.0,1,0,0,0,1,110,1,1,0.9777663595328221,1,0.9549180327868853,1,0.9999999983688728,1
0,28.08,15.0,1,10,9,0.0,1,0,0,0,2,0,13213,1,0.4651251516672614,0,0.18594104308390022,0,0.5929752294816867,1
1,35.17,2.5,2,4,4,4.5,1,1,7,0,2,150,1271,1,0.5746325062408846,1,0.6067241728659507,1,0.4558394600435097,0
1,49.5,7.585,2,3,5,7.585,1,1,15,1,2,0,5001,1,0.8067216315842034,1,0.8046589654293723,1,0.98058405982345,1
1,80.25,5.5,2,8,4,0.54,1,0,0,0,2,0,341,0,0.42130423400959865,0,0.6086956521739131,1,0.9567423584837638,1
1,29.25,13.0,2,2,8,0.5,0,0,0,0,2,228,1,0,0.4689995945256065,0,0.3615794143744454,0,0.4615525249784105,0
0,16.92,0.5,2,3,4,0.165,0,1,6,1,2,240,36,0,0.2727772101178315,0,0.06895833333333334,0,0.1410906389240875,0
0,16.0,0.165,2,6,4,1.0,0,1,2,1,2,320,2,0,0.311121970720635,0,0.31935897435897437,0,0.14417150851067653,0
1,60.08,14.5,2,1,1,18.0,1,1,15,1,2,0,1001,1,0.9887960484600428,1,0.9549180327868853,1,0.9999999999986215,1
1,28.0,2.0,2,4,8,4.165,1,1,2,1,2,181,1,1,0.5389848664275565,1,0.6067241728659507,1,0.3509791661582091,0
1,41.5,1.54,2,3,5,3.5,0,0,0,0,2,216,1,1,0.5058847714461676,1,0.6067241728659507,1,0.37952939463960383,0
1,24.08,9.0,2,6,4,0.25,0,0,0,1,2,0,1,0,0.3918794631153066,0,0.18594104308390022,0,0.25504810570759995,0
1,24.5,13.335,1,6,4,0.04,0,0,0,1,2,120,476,0,0.4399777294490216,0,0.18594104308390022,0,0.4667337895923866,0
1,34.75,15.0,2,12,7,5.375,1,1,9,1,2,0,135,1,0.7747890017696752,1,0.8046589654293723,1,0.9251876533592466,1
1,33.67,1.25,2,9,4,1.165,0,0,0,0,2,120,1,0,0.3514806560646656,0,0.5230088812491047,1,0.1739389090755746,0
0,40.83,10.0,2,11,8,1.75,1,0,0,0,2,29,838,1,0.5170287572914986,1,0.7209436738125263,1,0.4404167014862093,0
1,20.42,1.835,2,8,4,2.25,1,1,1,0,2,100,151,1,0.4094137139957444,0,0.49557426597582044,0,0.17511417268857754,0
1,37.5,1.125,1,2,4,1.5,0,0,0,1,2,431,1,1,0.3731371122580466,0,0.5230088812491047,1,0.2039035603338154,0
1,48.5,4.25,2,7,4,0.125,1,0,0,1,2,225,1,1,0.3464751768028087,0,0.5086380650734235,1,0.34350071712452745,0
1,23.0,0.75,2,7,4,0.5,0,0,0,1,1,320,1,0,0.2983292155728004,0,0.2615218272739559,0,0.13924356376725508,0
1,35.0,3.375,2,8,8,8.29,0,0,0,1,2,0,1,0,0.7856706101608386,1,0.6067241728659507,1,0.9716084772134119,1
1,16.33,2.75,2,6,4,0.665,0,1,1,0,2,80,22,0,0.3254426533637957,0,0.16145833333333334,0,0.14839745382497033,0
1,22.67,10.5,2,11,8,1.335,1,0,0,0,2,100,1,1,0.4780201445603482,0,0.7209436738125263,1,0.3214070750693437,0
0,21.75,11.75,2,8,4,0.25,0,0,0,1,2,180,1,0,0.4275314632825236,0,0.18594104308390022,0,0.3673977686652333,0
0,25.08,2.54,1,6,4,0.25,1,0,0,1,2,370,1,1,0.3087819627086795,0,0.2615218272739559,0,0.14775954049103054,0
1,36.33,2.125,1,9,4,0.085,1,1,1,0,2,50,1188,1,0.30559118842207184,0,0.2615218272739559,0,0.18825953951622185,0
0,28.58,3.75,2,8,4,0.25,0,1,1,1,2,40,155,0,0.32722616786264,0,0.2615218272739559,0,0.16414821445295008,0
1,22.17,12.125,2,8,4,3.335,0,1,2,1,2,180,174,0,0.6233414031305003,1,0.6945685188493836,1,0.5525367941021518,1
1,34.17,1.54,2,13,4,1.54,1,1,1,1,2,520,50001,1,0.3775912903405291,0,0.5230088812491047,1,0.1853911415789582,0
1,35.0,2.5,2,3,4,1.0,0,0,0,1,2,210,1,0,0.3598178519582053,0,0.5230088812491047,1,0.1841554242795881,0
1,28.58,3.625,2,6,4,0.25,0,0,0,1,2,100,1,0,0.32564833149590783,0,0.2615218272739559,0,0.16301854453232373,0
0,19.17,5.415,2,3,8,0.29,0,0,0,0,2,80,485,0,0.34139219728729425,0,0.18594104308390022,0,0.17196487940534266,0
1,23.25,1.0,2,8,4,0.835,1,0,0,0,1,300,1,1,0.31952880744115203,0,0.5230088812491047,1,0.1410785651911428,0
1,16.5,0.125,2,8,4,0.165,0,0,0,0,2,132,1,0,0.2681601354671752,0,0.06895833333333334,0,0.14161348400375684,0
0,20.08,0.125,2,11,4,1.0,0,1,1,0,2,240,769,1,0.3145370691319925,0,0.31935897435897437,0,0.14092156847288378,0
1,22.33,11.0,2,9,4,2.0,1,1,1,0,2,80,279,1,0.5263969146439361,1,0.5266457680250785,1,0.3736896050246147,0
1,34.0,5.085,1,3,5,1.085,0,0,0,1,2,480,1,0,0.3986885662157166,0,0.5051560758082497,1,0.207357374365232,0
0,57.08,0.335,2,3,5,1.0,1,0,0,1,2,252,2198,0,0.3538767908806396,0,0.5230088812491047,1,0.4845690495557285,0
1,16.25,0.835,2,7,4,0.085,1,0,0,0,1,200,1,0,0.272027818588473,0,0.06895833333333334,0,0.14275906951500114,0
1,32.83,2.5,2,13,8,2.75,1,1,6,0,2,160,2073,1,0.4631324112672789,0,0.6067241728659507,1,0.23825311576067776,0
1,48.25,25.085,2,9,4,1.75,1,1,3,0,2,120,15,1,0.72456384802857,1,0.7209436738125263,1,0.9951732336906818,1
1,34.17,2.75,2,3,5,2.5,0,0,0,1,2,232,201,0,0.4526427753516643,0,0.6067241728659507,1,0.2326066350823141,0
1,18.33,1.21,1,10,2,0.0,0,0,0,0,2,100,1,0,0.2739170162420609,0,0.06895833333333334,0,0.1419485766001349,0
1,44.25,0.5,2,7,4,10.75,1,0,0,0,1,400,1,0,0.857052771319926,1,0.6067241728659507,1,0.9994707984905572,1
1,38.92,1.75,2,4,4,0.5,0,0,0,1,2,300,3,0,0.3258734309714555,0,0.2615218272739559,0,0.2027031768228586,0
1,31.58,0.75,1,6,4,3.5,0,0,0,1,2,320,1,0,0.483500449780883,0,0.6067241728659507,1,0.28505759666036257,0
1,25.08,1.71,2,14,4,1.665,1,1,1,1,2,395,21,1,0.3777183449332183,0,0.5230088812491047,1,0.15858941404510485,0
1,65.42,11.0,2,10,9,20.0,1,1,7,1,2,22,1,1,0.9918678290856852,1,0.9549180327868853,1,0.9999999999999964,1
1,41.33,0.0,2,8,5,15.0,1,0,0,0,2,0,1,1,0.9433867094499412,1,0.7569832402234637,1,0.9999998867918632,1
1,31.25,1.125,2,1,1,0.0,0,1,1,0,2,96,20,0,0.2845222281658336,0,0.2615218272739559,0,0.1601591645494661,0
0,36.75,4.71,2,1,1,0.0,0,0,0,0,2,160,1,0,0.3336285792290544,0,0.2615218272739559,0,0.21741209950825285,0
1,32.33,7.5,2,10,5,1.585,1,0,0,1,1,420,1,0,0.4614352145390272,0,0.7209436738125263,1,0.2607179510732057,0
0,31.92,3.125,2,1,1,3.04,0,1,2,1,2,200,5,0,0.4891725635765228,0,0.6067241728659507,1,0.2602011840234592,0
1,24.83,2.75,2,8,4,2.25,1,1,6,0,2,184,601,1,0.4269741814826246,0,0.6067241728659507,1,0.18385749003671686,0
1,21.92,0.54,1,14,4,0.04,1,1,1,1,2,840,60,1,0.2714476940173255,0,0.17578231292517008,0,0.14023865209507724,0
1,34.25,3.0,2,13,8,7.415,1,0,0,1,2,0,1,1,0.7417548371779298,1,0.6067241728659507,1,0.9189369567697896,1
1,51.83,3.0,1,1,1,1.5,0,0,0,0,2,180,5,0,0.4140427071353636,0,0.5230088812491047,1,0.4028600391771061,0
0,31.57,1.5,2,1,1,0.0,0,1,2,1,2,200,106,0,0.289218027359648,0,0.2615218272739559,0,0.16237358904610966,0
1,38.42,0.705,2,8,4,0.375,0,1,2,0,2,225,501,0,0.30567434878065514,0,0.2615218272739559,0,0.19606595037044186,0
1,39.17,1.71,2,14,4,0.125,1,1,5,1,2,480,1,1,0.3053463164157459,0,0.2615218272739559,0,0.20605811851802594,0
1,18.17,2.46,2,8,7,0.96,0,1,2,1,2,160,588,0,0.3399606334385757,0,0.41185897435897434,0,0.1468484928843526,0
1,39.0,5.0,2,13,4,3.5,1,1,10,1,2,0,1,1,0.5525629166830215,1,0.8046589654293723,1,0.3964434943494961,0
1,20.0,11.045,2,8,4,2.0,0,0,0,1,2,136,1,0,0.5244518156567402,1,0.5266457680250785,1,0.3750173759948585,0
1,32.75,2.335,2,2,8,5.75,0,0,0,1,2,292,1,0,0.6441538782659629,1,0.6067241728659507,1,0.6643054972583722,1
1,18.58,5.71,2,2,4,0.54,0,0,0,0,2,120,1,0,0.35888511746321217,0,0.2547554347826087,0,0.17637982320158815,0
0,15.83,7.625,2,11,4,0.125,0,1,1,1,2,0,161,0,0.3574579810849818,0,0.07911706349206349,0,0.2194040877179445,0
1,39.33,5.875,2,13,8,10.0,1,1,14,1,2,399,1,1,0.868745882080685,1,0.8046589654293723,1,0.9982696971198288,1
0,19.58,0.665,2,9,4,1.665,0,0,0,0,2,220,6,0,0.35807082594606104,0,0.31935897435897437,0,0.1528825101225842,0
1,21.33,10.5,2,8,4,3.0,1,0,0,1,2,0,1,1,0.5800212624274094,1,0.6945685188493836,1,0.42794603784018814,0
0,22.67,0.75,2,8,4,2.0,0,1,2,1,2,200,395,0,0.3819607601667968,0,0.23515151515151517,0,0.163530883458374,0
1,25.67,3.25,2,8,8,2.29,0,1,1,1,2,416,22,0,0.4373937765783311,0,0.6067241728659507,1,0.19123013779538967,0
1,21.08,10.085,1,10,8,1.25,0,0,0,0,2,260,1,0,0.4650159726353783,0,0.5051560758082497,1,0.30036773651703363,0
0,49.0,1.5,2,5,3,0.0,1,0,0,1,2,100,28,0,0.30544410552774764,0,0.5086380650734235,1,0.32294871605783315,0
1,20.67,5.29,2,11,4,0.375,1,1,1,0,2,160,1,0,0.34608140832682005,0,0.18594104308390022,0,0.16960006248895187,0
0,19.67,0.21,2,11,8,0.29,1,1,11,0,2,80,100,1,0.27814570132425553,0,0.17578231292517008,0,0.1385290887254536,0
1,21.83,0.25,2,2,8,0.665,1,0,0,1,2,0,1,1,0.2998778173945629,0,0.17578231292517008,0,0.1387170418003508,0
1,26.83,0.54,2,4,1,0.0,0,0,0,0,2,100,1,0,0.27380123735981776,0,0.2615218272739559,0,0.14664720058513153,0
0,38.58,5.0,2,13,4,13.5,1,0,0,1,2,980,1,0,0.9377611012004332,1,0.8046589654293723,1,0.999996913677544,1
0,50.08,12.54,2,6,4,2.29,1,1,3,1,2,156,1,1,0.596370209782802,1,0.8046589654293723,1,0.7401064420935423,1
0,15.75,0.375,2,8,4,1.0,0,0,0,0,2,120,19,0,0.31347186062858456,0,0.31935897435897437,0,0.1445205788082535,0
0,24.5,12.75,2,8,5,4.75,1,1,2,0,2,73,445,1,0.711820887586366,1,0.8046589654293723,1,0.7690947741770611,1
1,21.0,4.79,1,9,4,2.25,1,1,1,1,2,80,301,1,0.4516111342635701,0,0.49557426597582044,0,0.2016292658110296,0
1,22.08,11.0,2,13,4,0.665,1,0,0,0,2,100,1,1,0.4428443747360552,0,0.3615794143744454,0,0.3305187131712721,0
1,54.58,9.415,2,1,1,14.415,1,1,11,1,2,30,301,1,0.9632557028764694,1,0.9549180327868853,1,0.9999999240550852,1
1,18.08,5.5,2,4,4,0.5,1,0,0,0,2,80,1,1,0.35331396841109725,0,0.2547554347826087,0,0.17360588988957218,0
1,36.67,4.415,1,4,4,0.25,1,1,10,1,2,320,1,1,0.3437726039491376,0,0.2615218272739559,0,0.2103466291484513,0
1,38.17,10.125,2,14,4,2.5,1,1,6,0,2,520,197,1,0.5624753944919437,1,0.8046589654293723,1,0.4639303255518389,0
1,21.83,1.54,2,4,4,0.085,0,0,0,1,2,356,1,0,0.28515809958711336,0,0.17578231292517008,0,0.14153762220366864,0
0,51.92,6.5,2,3,5,3.085,0,0,0,1,2,73,1,0,0.562381830493854,1,0.8046589654293723,1,0.5963835852328683,1
1,22.17,2.25,2,3,4,0.125,0,0,0,0,2,160,11,0,0.2959353726797834,0,0.2682823129251701,0,0.14408450678463144,0
1,52.42,1.5,2,2,4,3.75,0,0,0,1,2,0,351,0,0.5330751618741556,1,0.6067241728659507,1,0.5966061817076852,1
0,60.92,5.0,2,6,4,4.0,1,1,4,0,2,0,100,1,0.606801819777282,1,0.8046589654293723,1,0.8227632239622259,1
1,20.17,5.625,2,9,4,1.71,1,0,0,0,1,120,1,1,0.4292020735872356,0,0.6108532272325375,1,0.19317828695247471,0
1,23.25,4.0,2,8,5,0.25,1,0,0,1,2,160,1,1,0.32515974935097897,0,0.2615218272739559,0,0.15641294408056525,0
1,36.17,0.42,1,9,4,0.29,0,0,0,1,2,309,3,0,0.29565228777631863,0,0.2615218272739559,0,0.1810696532632208,0
0,42.25,1.75,1,8,4,0.0,0,0,0,1,2,150,2,0,0.30211722998236784,0,0.5086380650734235,1,0.23561136333753424,0
1,23.58,0.835,2,3,8,0.085,0,0,0,1,2,220,6,0,0.2785447954855217,0,0.2615218272739559,0,0.14128940129633571,0
0,36.0,1.0,2,8,4,2.0,1,1,11,0,2,0,457,1,0.3995176980078232,0,0.4388014220416455,0,0.21034760057206536,0
1,39.58,5.0,2,1,1,0.0,0,1,2,0,2,17,2,0,0.3401651836251486,0,0.18594104308390022,0,0.2451757098936163,0
0,18.83,4.415,1,8,8,3.0,1,0,0,0,2,240,1,1,0.4905984819165686,0,0.49557426597582044,0,0.2423582448968687,0
1,27.25,0.625,2,6,4,0.455,1,0,0,1,2,200,1,0,0.2984337944406029,0,0.2615218272739559,0,0.1453453787768713,0
1,32.42,3.0,2,2,4,0.165,0,0,0,1,2,120,1,0,0.3169164653723687,0,0.2615218272739559,0,0.17236935802525924,0
1,19.42,1.5,1,13,4,2.0,1,0,0,1,2,100,21,0,0.38872806668365945,0,0.23515151515151517,0,0.16456217177500196,0
0,22.58,10.75,2,11,4,0.415,1,1,5,1,2,0,561,1,0.4244983832394785,0,0.18594104308390022,0,0.31903884069978666,0
1,39.92,6.21,2,11,4,0.04,1,1,1,0,2,200,301,1,0.3585724626695396,0,0.18594104308390022,0,0.2719285728378485,0
1,22.67,0.165,2,8,3,2.25,0,0,0,1,1,0,1,1,0.388829732631372,0,0.4030742659758204,0,0.17278059778923827,0
0,23.42,0.79,1,11,4,1.5,1,1,2,1,2,80,401,1,0.3541691425362971,0,0.5230088812491047,1,0.15038373933952678,0
0,30.0,5.29,2,10,2,2.25,1,1,5,1,2,99,501,1,0.4687036368889084,0,0.8046589654293723,1,0.22915189742834474,0
0,40.33,7.54,1,11,8,8.0,1,1,14,0,2,0,2301,1,0.8159710460685338,1,0.8046589654293723,1,0.9787034841841704,1
0,36.75,5.125,2,10,4,5.0,1,0,0,1,2,0,4001,1,0.6419144948551663,1,0.8046589654293723,1,0.602613530940312,1
1,31.0,2.085,2,8,4,0.085,0,0,0,0,2,300,1,0,0.3000913699565134,0,0.2615218272739559,0,0.16168180462726112,0
0,25.17,2.875,2,14,8,0.875,1,0,0,0,2,360,1,1,0.34757237232138233,0,0.5230088812491047,1,0.15109547081781816,0
1,27.42,12.5,2,6,5,0.25,0,0,0,1,2,720,1,0,0.44433061818225217,0,0.18594104308390022,0,0.4232172115792112,0
1,31.57,4.0,2,14,4,5.0,1,1,3,1,2,290,2280,1,0.6215220579116156,1,0.6067241728659507,1,0.5344830717037736,1
1,34.08,6.5,2,6,4,0.125,1,0,0,1,2,443,1,0,0.3613140721163083,0,0.18594104308390022,0,0.2301658848244856,0
1,22.08,2.335,2,4,4,0.75,0,0,0,0,2,180,1,0,0.3305296009581961,0,0.41185897435897434,0,0.14403899708467593,0
1,31.08,3.085,2,8,4,2.5,0,1,2,1,2,160,42,0,0.4539960743802182,0,0.6067241728659507,1,0.21852558347169032,0
1,31.57,0.5,2,8,5,0.835,1,0,0,1,1,320,1,0,0.3213525325158861,0,0.5230088812491047,1,0.15962220737726465,0
1,16.0,3.125,2,9,4,0.085,0,1,1,0,2,0,7,0,0.29859284562021593,0,0.16145833333333334,0,0.15248677413930956,0
1,27.25,1.665,2,13,8,5.085,1,1,9,0,2,399,828,1,0.5900062141051349,1,0.6067241728659507,1,0.4966151689605694,0
1,25.17,3.0,2,8,4,1.25,0,1,1,0,2,0,23,0,0.37082587367770864,0,0.5230088812491047,1,0.15666280374186858,0
1,67.75,5.5,2,10,9,13.0,1,1,1,1,2,0,1,1,0.9396899565570304,1,0.8046589654293723,1,0.9999993069951736,1
0,18.83,9.5,2,9,4,1.625,1,1,6,1,2,40,601,1,0.4775399773205496,0,0.6108532272325375,1,0.29079168975804776,0
0,27.25,0.29,2,7,8,0.125,0,1,1,1,2,272,109,0,0.27755750781320937,0,0.2615218272739559,0,0.1464444907348608,0
0,19.58,0.665,1,8,4,1.0,0,1,1,0,2,2000,3,0,0.3207732983154803,0,0.31935897435897437,0,0.14112428181888273,0
1,30.75,1.585,2,2,4,0.585,0,0,0,1,1,0,1,0,0.32049163967049643,0,0.2615218272739559,0,0.15731280020027408,0
0,50.25,0.835,2,6,4,0.5,0,0,0,1,2,240,118,0,0.32542654406789073,0,0.5086380650734235,1,0.3375831111032634,0
1,31.08,1.5,1,9,4,0.04,0,0,0,0,1,160,1,0,0.290830233194146,0,0.2615218272739559,0,0.16010637385275056,0
1,51.58,15.0,2,8,4,8.5,1,1,9,0,2,0,1,1,0.8902069443374666,1,0.8046589654293723,1,0.998904841927203,1
0,36.58,0.29,2,1,1,0.0,0,1,10,0,2,200,19,0,0.2796252489560877,0,0.2615218272739559,0,0.1859086467081816,0
1,33.58,2.75,2,7,4,4.25,1,1,6,0,2,204,1,1,0.5610585859969565,1,0.6067241728659507,1,0.4054083353117591,0
0,20.83,3.0,2,6,4,0.04,1,0,0,0,2,100,1,1,0.2992392256430354,0,0.2682823129251701,0,0.14856996453557722,0
1,36.17,18.125,2,9,4,0.085,0,0,0,0,2,320,3553,0,0.5242328428502504,1,0.18594104308390022,0,0.8337360543642216,1
1,50.75,0.585,2,1,1,0.0,0,0,0,0,2,145,1,0,0.2960382516585797,0,0.5086380650734235,1,0.3500486584716308,0
0,23.58,0.83,2,11,4,0.415,0,1,1,1,2,200,12,0,0.29538588557195666,0,0.2615218272739559,0,0.139851952218239,0
1,35.17,4.5,2,14,8,5.75,0,0,0,1,1,711,1,1,0.6744789406705733,1,0.6067241728659507,1,0.7107478265369709,1
0,58.42,21.0,2,3,5,10.0,1,1,13,0,2,0,6701,1,0.944970964930198,1,0.8046589654293723,1,0.999991445905519,1
1,28.25,0.875,2,7,4,0.96,1,1,3,1,2,396,1,1,0.3297007127698975,0,0.5230088812491047,1,0.15045957922341546,0
1,31.57,0.625,2,4,4,0.25,0,0,0,0,2,380,2011,0,0.2917637549928268,0,0.2615218272739559,0,0.1587671249522963,0
0,31.75,3.0,1,5,3,0.0,0,0,0,0,2,160,21,0,0.30740693198649066,0,0.2615218272739559,0,0.17097692040143322,0
1,19.42,6.5,2,9,8,1.46,1,1,7,0,2,80,2955,1,0.4253615632283936,0,0.6108532272325375,1,0.20181513008199206,0
1,39.08,6.0,2,7,4,1.29,1,1,5,1,2,108,1098,1,0.4293642811035072,0,0.7209436738125263,1,0.26689321791418025,0
1,17.08,3.29,2,3,4,0.335,0,0,0,1,2,140,3,0,0.31493699846244017,0,0.16145833333333334,0,0.1508675941122328,0
1,44.83,7.0,1,8,4,1.625,0,0,0,0,2,160,3,0,0.4706465454094101,0,0.7209436738125263,1,0.3745219994685137,0
1,16.25,0.0,1,6,4,0.25,0,0,0,0,2,60,1,0,0.2707167602787333,0,0.06895833333333334,0,0.14158067020191584,0
0,41.17,6.5,2,11,4,0.5,1,1,3,1,2,145,1,1,0.39074257755145503,0,0.6086956521739131,1,0.2890308510579864,0
1,28.92,15.0,2,8,8,5.335,1,1,11,0,2,0,2284,1,0.7684460426417903,1,0.8046589654293723,1,0.9097680381272516,1
0,26.17,2.0,2,5,3,0.0,0,0,0,1,2,276,2,0,0.2901724694933995,0,0.2615218272739559,0,0.1487632515301828,0
1,38.58,3.335,2,9,4,4.0,1,1,14,0,2,383,1345,1,0.5594037379499281,1,0.6067241728659507,1,0.4260757116389205,0
1,25.17,6.0,2,8,4,1.0,1,1,3,0,2,0,1,1,0.3967478384485461,0,0.5051560758082497,1,0.18785334198758907,0
0,28.17,0.375,2,11,4,0.585,1,1,4,0,2,80,1,1,0.30312188985648225,0,0.2615218272739559,0,0.14752838045078753,0
1,73.42,17.75,2,1,1,0.0,1,0,0,1,2,0,1,1,0.5548311592512306,1,0.4330572808833678,0,0.9920548313178398,1
1,22.5,11.5,1,7,4,1.5,0,0,0,1,2,0,4001,0,0.5024949626122194,1,0.6108532272325375,1,0.3745035823840572,0
0,27.17,1.25,2,1,1,0.0,0,1,1,0,2,92,301,0,0.28228686220128496,0,0.2615218272739559,0,0.14836876429058038,0
0,19.17,8.585,2,13,8,0.75,1,1,7,0,2,96,1,1,0.4109698423839706,0,0.5051560758082497,1,0.2400679970974761,0
0,25.58,0.0,2,8,4,0.0,0,0,0,0,3,184,1,1,0.26659007641681914,0,0.2615218272739559,0,0.1444174213406609,0
1,31.57,0.04,1,2,4,4.25,0,0,0,1,2,460,1,0,0.5202202201148938,1,0.6067241728659507,1,0.3767862238017871,0
0,22.5,8.5,2,11,4,1.75,1,1,10,0,2,80,991,0,0.4751053193349808,0,0.6108532272325375,1,0.2619408136379081,0
0,22.92,1.25,2,11,4,0.25,0,0,0,1,2,120,810,0,0.29121241019519106,0,0.2615218272739559,0,0.1404450839856114,0
1,23.25,12.625,2,8,4,0.125,0,1,2,0,2,0,5553,0,0.4338145312036976,0,0.18594104308390022,0,0.4192028098917779,0
0,29.5,1.085,1,14,4,1.0,0,0,0,0,2,280,14,0,0.3358375880762358,0,0.5230088812491047,1,0.15476448805579324,0
0,32.0,6.0,2,2,4,1.25,0,0,0,0,2,272,1,0,0.4192113524447255,0,0.5051560758082497,1,0.2152588392827069,0
1,27.0,1.5,1,9,4,0.375,1,0,0,1,2,260,1066,1,0.30456015762170596,0,0.2615218272739559,0,0.14647708040378138,0
1,19.33,10.915,2,8,5,0.585,0,1,2,1,2,200,8,0,0.4336956890308357,0,0.3615794143744454,0,0.3259003179912854,0
1,35.75,2.415,2,9,4,0.125,0,1,2,0,2,220,2,0,0.3107242294447065,0,0.2615218272739559,0,0.18600452914487656,0
1,18.83,0.0,2,11,4,0.665,0,0,0,0,2,160,2,0,0.29409003877422835,0,0.17578231292517008,0,0.13903539598417144,0
0,28.75,3.75,2,8,4,1.085,1,1,1,1,2,371,1,1,0.3749662023436833,0,0.5230088812491047,1,0.168393664811876,0
1,34.42,4.25,2,3,5,3.25,1,1,2,0,2,274,611,1,0.5212321939435122,1,0.6067241728659507,1,0.31084742810602706,0
0,33.25,3.0,1,6,4,2.0,0,0,0,0,2,180,1,0,0.4243566065461364,0,0.4388014220416455,0,0.20450643465252027,0
1,53.92,9.625,2,10,4,8.665,1,1,5,0,2,0,1,1,0.8624774209558906,1,0.8046589654293723,1,0.9974422298778599,1
1,25.25,1.0,2,6,4,0.5,0,0,0,0,2,200,1,0,0.30345750885751765,0,0.2615218272739559,0,0.14211889067536093,0
1,32.42,2.165,1,4,1,0.0,0,0,0,0,2,120,1,0,0.2979204433714975,0,0.2615218272739559,0,0.16860991263135844,0
0,21.08,5.0,1,1,1,0.0,0,0,0,0,2,0,1,0,0.3219104718839081,0,0.18594104308390022,0,0.16822337282233785,0
0,56.5,16.0,2,5,1,0.0,1,1,15,0,2,0,248,1,0.511083054060487,1,0.4330572808833678,0,0.908183418200734,1
1,32.25,0.165,1,8,8,3.25,1,1,1,1,2,432,8001,1,0.4602828581072842,0,0.6067241728659507,1,0.2650578270252181,0
0,20.5,11.835,2,8,8,6.0,1,0,0,0,2,340,1,1,0.7589274776750567,1,0.6945685188493836,1,0.8776211436822152,1
0,30.25,5.5,2,4,4,5.5,0,0,0,1,1,100,1,0,0.6685005575336589,1,0.8046589654293723,1,0.6510150485381628,1
0,24.58,0.67,2,6,8,1.75,1,0,0,0,2,400,1,0,0.36821120422811227,0,0.5230088812491047,1,0.15778078052010555,0
1,23.17,11.125,2,14,8,0.46,1,1,1,0,2,100,1,1,0.433174410871739,0,0.3615794143744454,0,0.33700942277643403,0
0,31.57,11.25,2,1,1,0.0,0,0,0,0,2,184,5201,0,0.4159421557110057,0,0.18594104308390022,0,0.38180191589320506,0
0,32.33,0.54,2,13,4,0.04,1,0,0,0,2,440,11178,1,0.2807193028543278,0,0.2615218272739559,0,0.16327903100545146,0
1,23.92,1.5,2,2,8,1.875,1,1,6,0,2,200,328,1,0.3860612844126588,0,0.5230088812491047,1,0.16227414927022682,0
1,36.75,0.125,1,8,4,1.5,0,0,0,1,2,232,114,1,0.3590401308442331,0,0.5230088812491047,1,0.19773621696965954,0
1,29.83,1.25,1,4,4,0.25,0,0,0,0,2,224,1,0,0.2976094273416065,0,0.2615218272739559,0,0.1536628300075247,0
0,24.08,0.5,2,11,8,1.25,1,1,1,0,2,0,679,1,0.336919145481058,0,0.5230088812491047,1,0.14617972773536822,0
1,21.17,0.25,1,8,8,0.25,0,0,0,0,2,280,205,0,0.277938514364208,0,0.17578231292517008,0,0.1386179736866287,0
1,31.42,15.5,2,8,4,0.5,1,0,0,0,2,120,1,0,0.5072571899720641,1,0.3615794143744454,0,0.6423065512231604,1
1,22.83,3.0,2,7,4,1.29,1,1,1,0,2,260,801,1,0.3707290316729018,0,0.5230088812491047,1,0.1545697124855413,0
1,37.5,1.75,1,8,5,0.25,1,0,0,1,2,164,401,0,0.31092012956115833,0,0.2615218272739559,0,0.19290202240518667,0
0,24.83,4.5,2,9,4,1.0,0,0,0,1,2,360,7,0,0.3759763312922623,0,0.5230088812491047,1,0.16615804395375086,0
1,36.33,3.79,2,9,4,1.165,1,0,0,1,2,200,1,0,0.3882045997696637,0,0.5230088812491047,1,0.2062261248227975,0
0,47.25,0.75,2,11,8,2.75,1,1,1,0,2,333,893,1,0.4541446063261311,0,0.6067241728659507,1,0.384312473093376,0
1,32.08,4.0,1,13,4,1.5,0,0,0,1,2,120,1,0,0.4066364060469783,0,0.5230088812491047,1,0.19189062511043847,0
0,30.58,10.665,2,11,8,0.085,0,1,12,1,2,129,4,0,0.4118867175086884,0,0.18594104308390022,0,0.3458536987442777,0
1,27.83,1.54,2,9,4,3.75,1,1,5,1,2,100,4,1,0.5063001463281951,1,0.6067241728659507,1,0.2957289325867899,0
1,54.83,15.5,2,10,9,0.0,1,1,20,0,2,152,131,0,0.5020481754818145,1,0.4330572808833678,0,0.8793893365003622,1
1,16.08,0.75,2,8,4,1.75,1,1,5,1,2,352,691,1,0.3605017321358218,0,0.31935897435897437,0,0.1584943570734738,0
1,24.58,12.5,2,9,4,0.875,1,0,0,1,2,260,1,0,0.4800601621744124,0,0.5051560758082497,1,0.4156544167980302,0
1,32.67,5.5,2,11,8,5.5,1,1,12,1,2,408,1001,1,0.6708862466795674,1,0.8046589654293723,1,0.6665523980380605,1
1,30.17,0.5,2,8,4,1.75,1,1,11,0,2,32,541,1,0.3717432937883949,0,0.5230088812491047,1,0.17139480587458786,0
1,22.25,0.46,2,4,4,0.125,0,0,0,1,2,280,56,0,0.2750532650270239,0,0.17578231292517008,0,0.13971819673131206,0
1,41.75,0.96,2,14,4,2.5,1,0,0,0,2,510,601,1,0.4356149455421964,0,0.6067241728659507,1,0.2886429504642351,0
1,36.67,2.0,2,3,4,0.25,0,0,0,1,2,221,1,0,0.3132071233048015,0,0.2615218272739559,0,0.1885318161693648,0
1,25.83,12.835,2,13,4,0.5,0,0,0,0,2,0,3,0,0.4628498577527865,0,0.3615794143744454,0,0.4359724904865661,0
1,29.92,1.835,2,8,8,4.335,1,0,0,0,2,260,201,1,0.5493136692086769,1,0.6067241728659507,1,0.3840142640100436,0
1,20.08,0.25,2,11,4,0.125,0,0,0,0,2,200,1,0,0.2707422355313937,0,0.17578231292517008,0,0.13928004358903084,0
1,19.67,0.375,2,11,4,2.0,1,1,2,1,2,80,1,1,0.3737571267653835,0,0.23515151515151517,0,0.16262143240099106,0
1,51.42,0.04,2,14,8,0.04,1,0,0,0,2,0,3001,1,0.29224127351354245,0,0.5086380650734235,1,0.3616795623484072,0
1,62.75,7.0,2,10,9,0.0,0,0,0,0,2,0,13,0,0.3906736542201496,0,0.4330572808833678,0,0.7221329981977551,1
1,40.58,3.29,2,7,4,3.5,0,0,0,1,1,400,1,0,0.5299402939494614,1,0.6067241728659507,1,0.38484161557307744,0
0,16.33,0.21,2,6,4,0.125,0,0,0,0,2,200,2,0,0.2670055382883589,0,0.06895833333333334,0,0.1420633745200482,0
1,29.5,0.58,2,9,4,0.29,0,1,1,0,2,340,2804,0,0.2913929423748321,0,0.2615218272739559,0,0.15147216743885886,0
1,34.0,4.5,2,6,4,1.0,1,0,0,1,2,240,1,0,0.3856120390079907,0,0.5230088812491047,1,0.1977797705253542,0
0,71.58,0.0,2,8,4,0.0,0,0,0,0,3,184,1,1,0.30853279203304274,0,0.5086380650734235,1,0.8314228823024375,1
1,42.0,0.205,2,3,8,5.125,1,0,0,0,2,400,1,1,0.5880533069663854,1,0.6067241728659507,1,0.6324620690367775,1
0,22.5,11.0,1,11,4,3.0,1,0,0,1,2,268,1,0,0.5882605203203832,1,0.6945685188493836,1,0.4542185147716245,0
1,24.42,2.0,2,10,2,0.165,0,1,2,0,2,320,1301,0,0.2971220439065123,0,0.2615218272739559,0,0.1447315473475655,0
1,44.33,0.5,2,3,8,5.0,1,0,0,1,2,320,1,1,0.587090636990482,1,0.6067241728659507,1,0.6426801163374143,1
0,23.0,11.75,2,14,8,0.5,1,1,2,1,2,300,552,1,0.4442884829218421,0,0.3615794143744454,0,0.36789126828538105,0
1,34.42,1.335,2,3,5,0.125,0,0,0,1,2,440,4501,0,0.29636583639176595,0,0.2615218272739559,0,0.1736936560198785,0
1,23.08,11.5,2,3,4,3.5,1,1,9,0,2,56,743,1,0.6255647309825222,1,0.8046589654293723,1,0.5385137219389151,1
1,25.92,0.875,2,4,4,0.375,0,1,2,1,2,174,4,0,0.2960103485583757,0,0.2615218272739559,0,0.14309601700981353,0
0,17.58,9.0,2,6,4,1.375,1,0,0,1,2,0,1,1,0.4534453807177583,0,0.6108532272325375,1,0.26626221266664,0
1,20.42,1.085,2,11,4,1.5,0,0,0,0,2,108,8,0,0.3549851288551199,0,0.31935897435897437,0,0.14945901521197993,0
1,31.67,16.165,2,2,4,3.0,1,1,9,0,2,250,731,1,0.6668917774258252,1,0.8046589654293723,1,0.7889318779615143,1
0,57.58,2.0,2,1,1,6.5,0,1,1,0,2,0,11,0,0.7052900021501863,1,0.6067241728659507,1,0.9509043930182453,1
1,59.67,1.54,2,11,4,0.125,1,0,0,1,2,260,1,1,0.32292426454595685,0,0.5086380650734235,1,0.5488102683767719,1
0,65.17,14.0,2,1,1,0.0,1,1,11,1,2,0,1401,1,0.49204113059196203,0,0.4330572808833678,0,0.9327172177714116,1
1,30.08,1.04,1,3,5,0.5,1,1,10,1,2,132,29,0,0.3085162056818567,0,0.2615218272739559,0,0.1535208648742866,0
1,48.58,6.5,2,11,8,6.0,1,0,0,1,2,350,1,1,0.7242570401711601,1,0.8046589654293723,1,0.8881330796992809,1
0,23.58,11.5,1,4,8,3.0,0,0,0,1,2,20,17,0,0.5963540524968646,1,0.8046589654293723,1,0.4826877800358198,0
1,20.17,9.25,2,8,4,1.665,1,1,3,1,2,40,29,1,0.4779474752086143,0,0.6108532272325375,1,0.2825269380645341,0
1,48.17,7.625,2,9,8,15.5,1,1,12,0,2,0,791,1,0.9679108509218732,1,0.9549180327868853,1,0.99999998699451,1
1,23.25,1.5,2,11,4,2.375,1,1,3,1,2,0,583,1,0.4153924196273356,0,0.6067241728659507,1,0.18072900080025767,0
1,32.25,14.0,1,1,1,0.0,0,1,2,0,2,160,2,0,0.4554806000270888,0,0.18594104308390022,0,0.5505273194275949,1
1,33.58,0.335,1,13,4,0.085,0,0,0,0,2,180,1,0,0.2817435839543987,0,0.2615218272739559,0,0.1684181586395998,0
1,23.58,0.46,1,9,4,2.625,1,1,6,1,2,208,348,0,0.41644914950692496,0,0.6067241728659507,1,0.19164970744521545,0
1,16.92,0.335,1,4,4,0.29,0,0,0,0,1,200,1,0,0.27712694713065217,0,0.06895833333333334,0,0.14045600303263686,0
0,20.83,8.5,2,8,4,0.165,0,0,0,0,2,0,352,0,0.3766279873561804,0,0.18594104308390022,0,0.23735574339311416,0
0,60.58,16.5,2,11,4,11.0,1,0,0,1,2,21,10562,1,0.9450553763091142,1,0.8046589654293723,1,0.9999932120007574,1
1,31.57,5.0,1,6,4,8.5,1,0,0,0,2,0,1,0,0.8068384119761067,1,0.8046589654293723,1,0.9784142115107736,1
0,25.0,12.33,2,13,8,3.5,1,1,6,0,2,400,459,1,0.6386342949248042,1,0.8046589654293723,1,0.5892589529678827,1
1,21.5,9.75,2,8,4,0.25,1,0,0,0,2,140,1,0,0.39942520003566506,0,0.18594104308390022,0,0.27814233547055683,0
1,20.42,0.0,2,8,4,0.0,0,0,0,0,3,184,1,0,0.2621180619351978,0,0.17578231292517008,0,0.1403675740120546,0
0,25.25,13.5,1,1,1,2.0,0,1,1,1,2,200,2,0,0.5651819563998145,1,0.636736214605067,1,0.5234932377251372,1
1,42.83,4.625,2,11,4,4.58,1,0,0,0,1,0,1,1,0.6170237494627694,1,0.6067241728659507,1,0.5941687522398448,1
1,26.67,1.75,1,8,4,1.0,1,1,5,1,2,160,5778,1,0.34156343332558264,0,0.5230088812491047,1,0.14940324100779345,0
1,57.83,7.04,2,7,4,14.0,1,1,6,1,2,360,1333,1,0.9543743491514858,1,0.9549180327868853,1,0.9999997940751192,1
1,55.92,11.5,2,1,1,5.0,1,1,5,0,2,0,8852,1,0.7379024624451321,1,0.8046589654293723,1,0.9376416600592692,1
1,51.33,10.0,2,3,5,0.0,1,1,11,0,2,0,1250,1,0.4199079688325758,0,0.4330572808833678,0,0.5856941264385508,1
1,39.83,0.5,2,7,4,0.25,1,0,0,0,1,288,1,0,0.29792518554965475,0,0.2615218272739559,0,0.20744225298065835,0
1,27.58,2.04,1,6,4,2.0,1,1,3,1,2,370,561,1,0.4048503763149575,0,0.4388014220416455,0,0.17563334615079182,0
1,30.17,6.5,2,13,4,3.125,1,1,8,0,2,330,1201,1,0.5408874845236906,1,0.8046589654293723,1,0.31882237813831593,0
1,51.83,2.04,1,1,1,1.5,0,0,0,0,2,120,2,0,0.40073830861758775,0,0.5230088812491047,1,0.3929441739750931,0
0,25.0,11.0,1,6,4,4.5,1,0,0,0,2,120,1,0,0.677744133833272,1,0.8046589654293723,1,0.6551603871489965,1
1,29.67,0.75,1,8,4,0.04,0,0,0,0,2,240,1,0,0.2807599117904871,0,0.2615218272739559,0,0.15374907895665582,0
0,33.67,0.375,2,13,4,0.375,0,0,0,0,2,300,45,1,0.2972276827523902,0,0.2615218272739559,0,0.16726496566412294,0
1,25.75,0.75,2,8,5,0.25,1,0,0,0,2,349,24,1,0.2879021120765183,0,0.2615218272739559,0,0.14305440457851287,0
0,28.67,1.04,2,8,4,2.5,1,1,5,1,2,300,1431,1,0.4224611797212449,0,0.6067241728659507,1,0.1973534333538949,0
0,18.08,0.375,3,13,1,10.0,0,0,0,1,1,300,1,1,0.8144919459923484,1,0.4030742659758204,0,0.99632089172336,1
1,20.42,7.0,2,8,4,1.625,1,1,3,0,2,200,1392,1,0.4436564890269277,0,0.6108532272325375,1,0.21677311371295074,0
1,17.5,22.0,3,1,7,0.0,0,0,0,1,3,450,100001,1,0.5535391545974854,1,0.07911706349206349,0,0.9433962069836928,1
1,18.08,6.75,1,7,4,0.04,0,0,0,0,2,140,1,0,0.3434634255283881,0,0.07911706349206349,0,0.197364036763726,0
1,47.67,2.5,2,7,5,2.5,1,1,12,1,2,410,2511,1,0.4640158252569355,0,0.6067241728659507,1,0.3810452152660479,0
1,57.42,8.5,2,10,8,7.0,1,1,3,0,2,0,1,1,0.7974166685397186,1,0.8046589654293723,1,0.9835430899105874,1
1,13.75,4.0,1,9,4,1.75,1,1,2,1,2,120,1001,1,0.4020347602532223,0,0.41185897435897434,0,0.181787101518636,0
1,19.33,9.5,2,11,4,1.0,1,0,0,1,2,60,401,1,0.4392683390601629,0,0.5051560758082497,1,0.2729742497382282,0
0,21.92,11.665,2,4,8,0.085,0,0,0,0,2,320,6,0,0.4164515540030831,0,0.18594104308390022,0,0.3650112768584745,0
1,17.58,10.0,2,9,8,0.165,0,1,1,0,2,120,2,0,0.3935874818811351,0,0.07911706349206349,0,0.29052118174050545,0
1,34.83,2.5,1,9,4,3.0,0,0,0,0,1,200,1,0,0.480948891862618,0,0.6067241728659507,1,0.2700376878286237,0
1,29.17,3.5,2,9,4,3.5,1,1,3,1,2,329,1,0,0.520266444879231,1,0.6067241728659507,1,0.2922909188484992,0
1,21.42,0.75,1,12,7,0.75,0,0,0,1,2,132,3,0,0.3100844992210794,0,0.31935897435897437,0,0.13917908290669367,0
1,18.17,10.25,2,8,8,1.085,0,0,0,0,2,320,14,0,0.4538896576042416,0,0.5051560758082497,1,0.30460297502832123,0
1,28.0,3.0,2,9,4,0.75,0,0,0,1,2,300,68,0,0.3449683350171909,0,0.5230088812491047,1,0.15684553452747216,0
0,45.83,10.5,2,11,4,5.0,1,1,7,1,2,0,1,1,0.7176266298702424,1,0.8046589654293723,1,0.8455226874656508,1
1,22.75,11.5,2,3,4,0.415,0,0,0,0,2,0,1,0,0.4352358909294036,0,0.18594104308390022,0,0.35477233059558433,0
0,31.57,3.5,2,2,4,3.0,1,0,0,1,2,300,1,0,0.491660363178671,0,0.6067241728659507,1,0.2592531219190917,0
0,20.42,7.5,2,4,4,1.5,1,1,1,0,2,160,235,1,0.4430178514274004,0,0.6108532272325375,1,0.2246297768308408,0
0,21.25,2.335,2,3,5,0.5,1,1,4,0,1,80,1,1,0.31603071122189913,0,0.2682823129251701,0,0.14295911855430254,0
1,26.67,4.25,2,13,4,4.29,1,1,1,1,2,120,1,1,0.5770780696420933,1,0.6067241728659507,1,0.39225939566921536,0
0,27.33,1.665,2,1,1,0.0,0,0,0,0,2,340,2,0,0.287284634499825,0,0.2615218272739559,0,0.14989633737470262,0
1,42.08,1.04,2,9,4,5.0,1,1,6,1,2,500,10001,1,0.5921653735793483,1,0.6067241728659507,1,0.6126126602133891,1
0,18.25,10.0,2,9,4,1.0,0,1,1,0,2,120,2,0,0.44516124032511695,0,0.5051560758082497,1,0.2927525711935409,0
0,28.5,1.0,2,11,4,1.0,1,1,2,1,2,167,501,0,0.33375831340015194,0,0.5230088812491047,1,0.15173767148631528,0
0,21.5,6.0,2,6,4,2.5,1,1,3,0,2,80,919,1,0.485032749842133,0,0.6945685188493836,1,0.23562265162191606,0
1,21.83,11.0,2,14,4,0.29,1,1,6,0,2,121,1,1,0.4195511638526736,0,0.18594104308390022,0,0.33020753908229283,0
1,21.92,0.5,2,8,4,0.125,0,0,0,0,2,360,1,0,0.2752179282735965,0,0.17578231292517008,0,0.1395729013441817,0
1,32.67,9.0,1,9,8,5.25,1,0,0,1,2,154,1,1,0.7006806948817733,1,0.8046589654293723,1,0.7247741373005435,1
0,45.33,1.0,2,11,4,0.125,0,0,0,1,2,263,1,0,0.3025310903312168,0,0.5086380650734235,1,0.2663307932526281,0
0,23.58,0.585,1,1,1,0.125,0,0,0,0,2,120,88,0,0.2776737476439017,0,0.2615218272739559,0,0.14077166162615548,0
0,17.92,0.54,2,8,4,1.75,0,1,1,1,2,80,6,0,0.3596133525239809,0,0.31935897435897437,0,0.15605802385354345,0
1,33.0,2.5,1,9,4,7.0,0,0,0,1,2,280,1,0,0.7144192615862932,1,0.6067241728659507,1,0.8703694999431167,1
0,22.67,0.335,2,11,4,0.75,0,0,0,0,1,160,1,0,0.3061930530368309,0,0.31935897435897437,0,0.1395556619806264,0
1,34.67,1.08,2,7,4,1.165,0,0,0,0,1,28,1,0,0.3502728830579872,0,0.5230088812491047,1,0.17871003569989652,0
1,29.67,1.415,2,9,8,0.75,1,1,1,0,2,240,101,1,0.3263411417900163,0,0.5230088812491047,1,0.1539093144802154,0
1,31.83,2.5,2,6,4,7.5,1,0,0,1,2,523,1,0,0.7382511689801605,1,0.6067241728659507,1,0.9185006038930601,1
0,20.67,1.835,2,11,4,2.085,1,1,5,0,2,220,2504,1,0.3997322673298032,0,0.32765151515151514,0,0.16859636174434905,0
1,33.75,2.75,2,3,5,0.0,0,0,0,0,2,180,1,0,0.3062501791448572,0,0.2615218272739559,0,0.17838043038524418,0
1,22.08,0.83,2,8,8,2.165,0,0,0,1,2,128,1,1,0.392225868236193,0,0.4030742659758204,0,0.16927479409804866,0
0,35.42,12.0,2,11,8,14.0,1,1,8,0,2,0,6591,1,0.9617811498156432,1,0.9549180327868853,1,0.9999996119808976,1
1,31.92,4.46,2,13,8,6.04,1,1,3,0,2,311,301,1,0.6866126245167656,1,0.6067241728659507,1,0.7393151888001817,1
0,22.67,0.79,2,3,4,0.085,0,0,0,0,2,144,1,0,0.2772126199892272,0,0.17578231292517008,0,0.14049327434650485,0
1,26.67,14.585,2,3,5,0.0,0,0,0,1,2,178,1,0,0.4576431174322135,0,0.18594104308390022,0,0.5580189096607262,1
1,44.0,2.0,2,7,4,1.75,1,1,2,1,2,0,16,1,0.4068512359086428,0,0.5230088812491047,1,0.27890717733465586,0
1,30.17,1.085,1,8,4,0.04,0,0,0,0,2,170,180,0,0.28511374858700445,0,0.2615218272739559,0,0.15586414743947727,0
1,37.75,7.0,2,11,8,11.5,1,1,7,1,2,300,6,0,0.9107609373347582,1,0.8046589654293723,1,0.9998689129286122,1
1,17.08,0.085,1,8,4,0.04,0,0,0,0,2,140,723,0,0.2621196058677493,0,0.06895833333333334,0,0.1418541277206228,0
1,49.17,2.29,2,1,1,0.29,0,0,0,0,2,200,4,0,0.3311920934420551,0,0.5086380650734235,1,0.3277044414978786,0
1,22.92,0.17,2,7,4,0.085,0,0,0,0,1,0,1,0,0.270357544691748,0,0.2615218272739559,0,0.14044357659429574,0
0,34.83,1.25,1,3,8,0.5,0,0,0,1,2,160,1,0,0.3156488933138182,0,0.2615218272739559,0,0.174248358783701,0
1,44.25,11.0,1,2,4,1.5,1,0,0,0,1,0,1,0,0.5195419130073805,1,0.7209436738125263,1,0.5274835316178222,1
1,59.5,2.75,2,9,4,1.75,1,1,5,1,2,60,59,1,0.4341685011875928,0,0.5230088812491047,1,0.5856609231142403,1
1,25.5,0.375,2,7,4,0.25,1,1,3,0,2,260,15109,1,0.28328249992401594,0,0.2615218272739559,0,0.14243379523093708,0
0,41.58,1.04,2,6,4,0.665,0,0,0,0,2,240,238,0,0.3286033430556745,0,0.626548457614768,1,0.2237075226850108,0
1,49.58,19.0,2,1,1,0.0,1,1,1,0,2,94,1,0,0.5462981302183622,1,0.06349206349206349,0,0.9379293495256988,1
0,33.92,1.585,1,1,1,0.0,1,0,0,0,2,320,1,0,0.2923842990343193,0,0.2615218272739559,0,0.17312949442891953,0
1,19.17,4.0,1,3,4,1.0,0,0,0,1,2,360,1001,0,0.3634107726723963,0,0.41185897435897434,0,0.1579948781299767,0
0,24.5,2.415,1,8,4,0.0,0,0,0,0,2,120,1,0,0.2935582468483378,0,0.2615218272739559,0,0.14805641163707856,0
1,23.33,1.5,2,8,8,1.415,1,0,0,0,2,422,201,1,0.3585454849987066,0,0.5230088812491047,1,0.15000571933733306,0
1,69.17,9.0,2,1,1,4.0,0,1,1,0,2,70,7,0,0.6682518339888601,1,0.8046589654293723,1,0.9534877652236178,1
1,47.67,0.29,2,8,5,15.0,1,1,20,0,2,0,15001,1,0.945737720342623,1,0.7569832402234637,1,0.999999923842258,1
0,33.25,2.5,1,8,4,2.5,0,0,0,1,2,0,3,0,0.4480752342801257,0,0.6067241728659507,1,0.22502092847659805,0
1,43.25,3.0,2,11,8,6.0,1,1,11,0,2,80,1,1,0.6772132400067838,1,0.6067241728659507,1,0.8043501593276717,1
1,23.0,0.625,1,6,4,0.125,1,0,0,0,2,180,2,0,0.2776158839890324,0,0.2615218272739559,0,0.14029477565489232,0
1,34.75,2.5,2,13,5,0.5,0,0,0,0,2,348,1,0,0.3312721937080467,0,0.2615218272739559,0,0.1793526710569505,0
1,56.58,18.5,2,2,5,15.0,1,1,17,1,2,0,1,1,0.9809835254565576,1,0.9549180327868853,1,0.999999998578268,1
0,44.17,6.665,2,11,4,7.375,1,1,3,1,2,0,1,1,0.7857857073296695,1,0.8046589654293723,1,0.96052344930959,1
0,44.33,0.0,2,8,4,2.5,1,0,0,0,2,0,1,1,0.4249239905013776,0,0.6067241728659507,1,0.3201633793589994,0
1,34.25,1.75,2,9,5,0.25,1,0,0,1,2,163,1,0,0.3078254685961983,0,0.2615218272739559,0,0.17341010373274413,0
0,45.0,4.585,2,4,8,1.0,0,0,0,1,1,240,1,0,0.39845850360228,0,0.5230088812491047,1,0.2999507131995923,0
1,30.58,2.71,1,7,4,0.125,0,0,0,1,1,80,1,0,0.3094181363970799,0,0.2615218272739559,0,0.16328722686550293,0
1,27.67,0.75,2,11,8,0.165,0,0,0,1,2,220,252,0,0.2853010142387937,0,0.2615218272739559,0,0.1473515528887342,0
1,19.42,7.25,2,7,4,0.04,0,1,1,0,2,100,2,0,0.3513246284589579,0,0.18594104308390022,0,0.2069222162970764,0
0,41.33,1.0,2,3,5,2.25,1,0,0,1,2,0,301,1,0.4203985853894792,0,0.6067241728659507,1,0.26846517763089084,0
0,23.5,1.5,2,9,4,0.875,0,0,0,1,2,160,1,0,0.3282509740600956,0,0.5230088812491047,1,0.14271692904424435,0
1,31.67,0.83,2,14,4,1.335,1,1,8,1,2,303,3291,1,0.35365652901394634,0,0.5230088812491047,1,0.16719533435411435,0
0,17.83,11.0,2,14,8,1.0,1,1,11,0,2,0,3001,1,0.4589167165297792,0,0.5051560758082497,1,0.33639148007972103,0
0,33.17,2.25,1,13,4,3.5,0,0,0,1,2,200,142,0,0.5067936680723817,1,0.6067241728659507,1,0.3024479286187554,0
0,52.5,7.0,2,6,8,3.0,0,0,0,0,2,0,1,0,0.5648439373506974,1,0.8046589654293723,1,0.6143971198481498,1
0,25.42,1.125,2,11,4,1.29,1,1,2,0,2,200,1,0,0.34860234032844617,0,0.5230088812491047,1,0.1494503773411431,0
1,40.58,1.5,2,3,5,0.0,0,0,0,0,1,300,1,0,0.2975419065044769,0,0.2615218272739559,0,0.2184904779402776,0
1,23.92,0.585,1,13,8,0.125,0,0,0,0,2,240,2,0,0.2779777661501042,0,0.2615218272739559,0,0.1411170540484626,0
1,56.0,12.5,2,4,8,8.0,1,0,0,1,2,24,2029,1,0.8634053406037553,1,0.8046589654293723,1,0.9972815245705464,1
0,28.5,3.04,1,14,8,2.54,1,1,1,0,2,70,1,1,0.4529878591082977,0,0.6067241728659507,1,0.20986901248339387,0
1,32.08,4.0,2,7,4,2.5,1,0,0,1,2,360,1,1,0.4681550701563873,0,0.6067241728659507,1,0.23369398455829501,0
1,21.17,0.875,1,8,8,0.25,0,0,0,0,2,280,205,0,0.2851963131885209,0,0.17578231292517008,0,0.1389661037497028,0
1,34.17,9.17,2,8,4,4.5,1,1,12,1,2,0,222,1,0.6635677285056398,1,0.8046589654293723,1,0.6243110023428345,1
1,43.25,25.21,2,11,8,0.21,1,1,1,0,2,760,91,0,0.6379760060412684,1,0.06349206349206349,0,0.9928352565030624,1
0,38.25,6.0,2,4,4,1.0,1,0,0,1,2,0,1,1,0.4107800456219677,0,0.5051560758082497,1,0.2531612489207572,0
1,37.42,2.04,2,9,4,0.04,1,0,0,1,2,400,5801,1,0.3032012809483102,0,0.2615218272739559,0,0.19549125480417115,0
1,29.83,2.04,1,14,8,0.04,0,0,0,0,2,128,2,0,0.2961028201495159,0,0.2615218272739559,0,0.1578210758660917,0
1,37.33,2.665,2,13,4,0.165,0,0,0,1,2,0,502,0,0.3174904751431494,0,0.2615218272739559,0,0.1976111616631291,0
1,31.33,19.5,2,8,4,7.0,1,1,16,0,2,0,5001,1,0.8682351865026108,1,0.8046589654293723,1,0.9955855993756504,1
1,36.08,2.54,2,1,1,0.0,0,0,0,0,2,0,1001,0,0.3058951025205444,0,0.2615218272739559,0,0.19010855355252435,0
1,20.5,2.415,2,8,4,2.0,1,1,11,1,2,200,3001,1,0.4024372511206839,0,0.32765151515151514,0,0.16840442818323528,0
1,47.17,5.835,2,9,4,5.5,0,0,0,0,2,465,151,0,0.6891287069211814,1,0.8046589654293723,1,0.8119909297070775,1
1,22.0,7.835,1,3,5,0.165,0,0,0,1,2,184,1,0,0.3689211650314353,0,0.18594104308390022,0,0.21976860408671567,0
1,20.5,10.0,1,8,4,2.5,1,0,0,0,1,40,1,1,0.5412286121938393,1,0.6945685188493836,1,0.36009793810923124,0
1,34.92,2.5,2,9,4,0.0,1,0,0,1,2,239,201,1,0.304312193015724,0,0.2615218272739559,0,0.18295868531940016,0
1,24.08,0.875,2,7,4,0.085,0,1,4,0,2,254,1951,0,0.2794549682901891,0,0.2615218272739559,0,0.1418625408459663,0
1,37.33,6.5,2,7,8,4.25,1,1,12,1,2,93,1,1,0.6171462416517993,1,0.8046589654293723,1,0.5200147968953747,1
0,20.75,9.54,2,3,4,0.04,0,0,0,0,2,200,1001,0,0.3832374419805602,0,0.18594104308390022,0,0.2724675534586869,0
1,36.67,3.25,2,11,8,9.0,1,0,0,1,2,102,640,1,0.8141233135711449,1,0.6067241728659507,1,0.9894532312108484,1
1,22.58,10.04,2,14,4,0.04,1,1,9,0,2,60,397,1,0.3919865263785151,0,0.18594104308390022,0,0.2923905699579331,0
0,26.92,13.5,2,11,8,5.0,1,1,2,0,2,0,5001,1,0.7351029470141025,1,0.8046589654293723,1,0.8326563782905086,1
0,46.67,0.46,2,13,8,0.415,1,1,11,1,2,440,7,1,0.3126616226656456,0,0.5086380650734235,1,0.28134220664333626,0
0,52.17,0.0,1,1,1,0.0,0,0,0,0,2,0,1,0,0.29038997550597484,0,0.5086380650734235,1,0.37670265328116537,0
1,39.17,2.5,1,3,8,10.0,0,0,0,1,1,200,1,0,0.84493944606892,1,0.6067241728659507,1,0.9977483113032654,1
1,39.17,1.625,2,8,4,1.5,1,1,10,0,2,186,4701,1,0.3816300638771569,0,0.5230088812491047,1,0.21857103063284766,0
0,27.67,2.04,2,9,4,0.25,0,0,0,1,2,180,51,0,0.3051311598062,0,0.2615218272739559,0,0.15032431143249908,0
1,19.17,9.5,2,9,4,1.5,1,0,0,0,2,120,2207,1,0.4701163393809614,0,0.6108532272325375,1,0.2859266978265469,0
1,39.5,4.25,2,8,5,6.5,1,1,16,0,2,117,1211,1,0.7152886047615565,1,0.6067241728659507,1,0.8535646648680673,1
1,36.42,0.75,1,2,4,0.585,0,0,0,0,2,240,4,0,0.315575540562891,0,0.2615218272739559,0,0.18262278082414085,0
1,26.17,0.25,2,3,5,0.0,1,0,0,1,2,0,1,1,0.2699234264259953,0,0.2615218272739559,0,0.14531521321496715,0
1,39.42,1.71,1,7,4,0.165,0,0,0,0,1,400,1,0,0.3077116857058736,0,0.2615218272739559,0,0.20772265104565465,0
1,41.92,0.42,2,8,8,0.21,1,1,6,0,2,220,949,1,0.2968195218289087,0,0.5086380650734235,1,0.22655572651121936,0
1,21.33,7.5,2,6,4,1.415,1,1,1,0,2,80,9801,1,0.43877229853111294,0,0.6108532272325375,1,0.22238410508025908,0
0,20.08,1.25,2,8,4,0.0,0,0,0,0,2,0,1,0,0.2759294381235887,0,0.17578231292517008,0,0.14128970741284327,0
0,27.58,3.0,2,7,4,2.79,0,1,1,1,2,280,11,0,0.4669437332158232,0,0.6067241728659507,1,0.22163759160029736,0
1,21.58,0.79,1,13,4,0.665,0,0,0,0,2,160,1,0,0.30618976774676804,0,0.17578231292517008,0,0.13887313666890808,0
1,28.25,5.125,2,14,4,4.75,1,1,2,0,2,420,8,1,0.6185074852150519,1,0.8046589654293723,1,0.4925920948832922,0
1,26.92,2.25,2,3,5,0.5,0,0,0,1,2,640,4001,0,0.32045442581385536,0,0.2615218272739559,0,0.14910097742412098,0
0,18.42,9.25,2,11,4,1.21,1,1,4,0,2,60,541,1,0.4476997210701568,0,0.5051560758082497,1,0.269287255802458,0
0,23.25,5.875,2,11,4,3.17,1,1,10,0,2,120,246,1,0.5270886964194708,1,0.8046589654293723,1,0.2843215216276031,0
1,23.58,1.79,2,8,4,0.54,0,0,0,1,2,136,2,0,0.31368147491064835,0,0.2615218272739559,0,0.14212054487530154,0
1,28.33,5.0,2,9,4,11.0,1,0,0,1,2,70,1,1,0.8850346189796365,1,0.8046589654293723,1,0.9994620871782312,1
1,25.67,2.21,1,6,4,4.0,1,0,0,0,2,188,1,0,0.5291227632710814,1,0.6067241728659507,1,0.3223014796010899,0
0,28.58,1.665,2,11,4,2.415,1,0,0,1,2,440,1,0,0.4259297078408871,0,0.6067241728659507,1,0.1946875875655321,0
1,22.92,3.165,1,8,4,0.165,0,0,0,0,2,160,1059,0,0.30984488982229585,0,0.2615218272739559,0,0.14967582580185673,0
0,24.5,1.04,1,1,1,0.5,1,1,3,0,2,180,148,0,0.303236430566596,0,0.2615218272739559,0,0.1411518179567693,0
1,24.75,0.54,2,7,4,1.0,0,0,0,1,2,120,2,0,0.32423965639769303,0,0.5230088812491047,1,0.14371995872348006,0
1,32.0,1.75,1,10,8,0.04,1,0,0,1,2,393,1,1,0.2946505952382536,0,0.2615218272739559,0,0.16457413343769084,0
1,48.08,3.75,2,3,5,1.0,0,0,0,0,2,100,3,0,0.3902880248441309,0,0.5230088812491047,1,0.3315828039936011,0
0,28.42,3.5,2,9,4,0.835,1,0,0,0,1,280,1,1,0.3567779307859029,0,0.5230088812491047,1,0.1624313478201015,0
1,25.42,0.54,2,9,4,0.165,0,1,1,0,2,272,445,0,0.2808195904728629,0,0.2615218272739559,0,0.1428057564276517,0
1,18.58,10.29,2,1,1,0.415,0,0,0,0,2,80,1,0,0.4137296747106373,0,0.07911706349206349,0,0.29928627673794234,0
1,21.67,1.165,1,4,4,2.5,1,1,1,0,2,180,21,0,0.4166116790579788,0,0.4030742659758204,0,0.18456028829759955,0
1,24.58,1.25,2,8,4,0.25,0,0,0,0,2,110,1,0,0.2927417713624365,0,0.2615218272739559,0,0.14213484999485854,0
1,16.33,4.085,2,3,8,0.415,0,0,0,1,2,120,1,0,0.328535949572824,0,0.16145833333333334,0,0.15855685569819336,0
1,26.75,2.0,2,2,4,0.75,0,0,0,1,2,80,1,0,0.3308794668641812,0,0.5230088812491047,1,0.1484315035524131,0
1,48.17,3.5,2,6,4,3.5,1,0,0,0,1,230,1,1,0.5413518798619081,1,0.6067241728659507,1,0.5042357026420851,1
1,23.5,2.75,2,1,1,4.5,0,0,0,0,2,160,26,0,0.565403207478018,1,0.6067241728659507,1,0.3931054189330334,0
0,41.0,2.04,1,11,8,0.125,1,1,23,1,2,455,1237,1,0.3111247045844407,0,0.5086380650734235,1,0.22352748142358309,0
1,35.17,25.125,2,14,8,1.625,1,1,1,1,2,515,501,1,0.7068068236538434,1,0.7209436738125263,1,0.9900368280760578,1
1,23.75,12.0,2,8,4,2.085,0,0,0,0,1,80,1,0,0.5475313332593481,1,0.636736214605067,1,0.4339488557400707,0
1,18.67,5.0,2,11,4,0.375,1,1,2,0,2,0,39,0,0.3403195532383379,0,0.07911706349206349,0,0.1664013191506488,0
1,30.33,0.5,2,2,8,0.085,0,0,0,1,1,252,1,0,0.2807305104837601,0,0.2615218272739559,0,0.15529914543975154,0
0,19.75,0.75,2,8,4,0.795,1,1,5,1,2,140,6,0,0.3109028534409291,0,0.31935897435897437,0,0.13942466278408844,0
1,26.17,0.835,2,13,4,1.165,0,0,0,0,2,100,1,0,0.3385446855003037,0,0.5230088812491047,1,0.14832104004711047,0
1,28.75,1.5,1,8,4,1.5,1,0,0,1,2,0,226,0,0.3690605234436297,0,0.5230088812491047,1,0.16207432831689764,0
1,28.67,9.335,2,11,8,5.665,1,1,6,0,2,381,169,1,0.7222873058294972,1,0.8046589654293723,1,0.7788342935560352,1
1,26.0,1.0,2,11,4,1.75,1,0,0,1,2,280,1,1,0.3741098755561059,0,0.5230088812491047,1,0.16058349575730435,0
1,23.5,3.165,1,4,4,0.415,0,1,1,1,2,280,81,0,0.3239504454906833,0,0.2615218272739559,0,0.14925698410160407,0
1,26.33,13.0,2,10,2,0.0,0,0,0,1,2,140,1111,0,0.4347880764569648,0,0.18594104308390022,0,0.4522681316816853,0
1,54.33,6.75,2,8,8,2.625,1,1,11,1,2,0,285,1,0.5401067653773608,1,0.8046589654293723,1,0.6100302355815445,1
1,31.57,0.375,2,2,4,0.875,1,0,0,1,1,928,1,0,0.32197163666141965,0,0.5230088812491047,1,0.15992355013047418,0
0,25.25,12.5,2,2,4,1.0,0,0,0,1,2,180,1063,0,0.4886210178906333,0,0.5051560758082497,1,0.4198442815437944,0
1,33.17,3.165,1,14,4,3.165,1,1,3,1,2,380,1,1,0.4989606381606996,0,0.6067241728659507,1,0.27895624890107745,0
1,39.5,1.625,2,8,4,1.5,0,0,0,0,2,0,317,0,0.3819771898061756,0,0.5230088812491047,1,0.22135524421130745,0
0,17.67,0.0,1,5,1,0.0,0,0,0,0,2,86,1,0,0.2597545737832503,0,0.06895833333333334,0,0.14167407898705345,0
1,23.92,0.665,2,8,4,0.165,0,0,0,0,2,100,1,1,0.28091878240477697,0,0.2615218272739559,0,0.14091696605394288,0
1,26.67,2.71,1,13,4,5.25,1,1,1,0,2,211,1,1,0.613655272089761,1,0.6067241728659507,1,0.5353612459076994,1
0,22.5,0.415,2,3,4,0.335,0,0,0,1,1,144,1,0,0.2853590237970305,0,0.17578231292517008,0,0.13886364059124373,0
1,39.92,0.54,1,6,4,0.5,1,1,3,0,2,200,1001,1,0.31175736024259604,0,0.2615218272739559,0,0.2075801595198115,0
0,26.08,8.665,2,6,4,1.415,1,0,0,0,2,160,151,1,0.4605580115040909,0,0.7209436738125263,1,0.2621165578448497,0
1,20.0,0.0,2,2,4,0.5,0,0,0,0,2,144,1,0,0.2866535571983877,0,0.17578231292517008,0,0.13825900256166918,0
1,31.57,4.0,1,3,4,0.085,0,0,0,1,2,411,1,0,0.3242330769552912,0,0.2615218272739559,0,0.17835636961455326,0
1,26.75,4.5,1,8,5,2.5,0,0,0,0,2,200,1211,0,0.4693878211747236,0,0.6067241728659507,1,0.2187867510298709,0
0,24.92,1.25,2,1,1,0.0,1,0,0,0,2,80,1,0,0.2802597396275111,0,0.2615218272739559,0,0.14432251955122213,0
0,32.25,1.5,2,8,4,0.25,0,0,0,1,2,372,123,0,0.302890633252372,0,0.2615218272739559,0,0.1632104306495293,0
1,17.67,4.46,2,8,4,0.25,0,0,0,0,1,80,1,0,0.32549772587114834,0,0.16145833333333334,0,0.16129095608117872,0
0,37.75,5.5,2,11,4,0.125,1,0,0,1,2,228,1,1,0.3518954927163994,0,0.18594104308390022,0,0.2366318692769112,0
1,22.67,2.54,1,8,8,2.585,1,0,0,0,2,0,1,1,0.4422521242186259,0,0.49557426597582044,0,0.1960075910641946,0
0,17.92,10.21,2,1,1,0.0,0,0,0,0,2,0,51,0,0.3869878447900133,0,0.07911706349206349,0,0.30057716655569083,0
1,24.42,12.335,2,11,8,1.585,1,0,0,1,2,120,1,1,0.5219237160135906,1,0.7209436738125263,1,0.42721396173162907,0
0,25.75,0.5,2,8,8,0.875,1,0,0,1,2,491,1,1,0.3178896334683398,0,0.5230088812491047,1,0.14404028096985633,0
1,26.17,12.5,1,4,8,1.25,0,0,0,1,2,0,18,0,0.5052898520335748,1,0.5051560758082497,1,0.4294273482748528,0
0,22.75,6.165,2,6,4,0.165,0,0,0,0,2,220,1001,0,0.3476517622893245,0,0.18594104308390022,0,0.1850649185998024,0
1,23.0,0.75,2,7,4,0.5,1,0,0,1,1,320,1,0,0.2983292155728004,0,0.2615218272739559,0,0.13924356376725508,0
1,25.67,0.29,1,8,4,1.5,0,0,0,1,2,160,1,0,0.3499088764410533,0,0.5230088812491047,1,0.15314490441241646,0
1,48.58,0.205,1,4,4,0.25,1,1,11,0,2,380,2733,1,0.3025598683068943,0,0.5086380650734235,1,0.3102831956824193,0
1,21.17,0.0,2,8,4,0.5,0,0,0,1,1,0,1,0,0.2877209708298497,0,0.17578231292517008,0,0.13827403470349478,0
1,35.25,16.5,1,8,4,4.0,1,0,0,0,2,80,1,0,0.7270451967778422,1,0.8046589654293723,1,0.884962229830831,1
0,22.92,11.585,2,13,4,0.04,1,0,0,0,2,80,1350,1,0.4136835209238023,0,0.18594104308390022,0,0.36273040310931387,0
0,48.17,1.335,2,3,7,0.335,0,0,0,0,2,0,121,0,0.3206437843373134,0,0.5086380650734235,1,0.3054994847529995,0
1,43.0,0.29,1,13,8,1.75,1,1,8,0,2,100,376,1,0.3823412747245963,0,0.5230088812491047,1,0.26163308259527496,0
1,31.57,10.5,2,14,4,6.5,1,0,0,0,2,0,1,1,0.7763760198019554,1,0.8046589654293723,1,0.9103021797714664,1
1,20.67,0.415,2,8,4,0.125,0,0,0,0,2,0,45,0,0.2731382407364579,0,0.17578231292517008,0,0.1392516062944536,0
0,18.83,9.54,2,6,4,0.085,1,0,0,0,2,100,1,1,0.383877811772476,0,0.18594104308390022,0,0.2726245995288085,0
0,27.42,14.5,2,14,8,3.085,1,1,1,0,2,120,12,1,0.6458652372604738,1,0.8046589654293723,1,0.6820637519116315,1
1,41.0,0.04,2,10,4,0.04,0,1,1,0,1,560,1,1,0.2827296665938106,0,0.5086380650734235,1,0.21961206467583705,0
